Taxon,Trunk,NECK_ratio,TAIL_ratio,LOWERJAW_ratio,BRACHIAL_index,Hum_Flare,FORELIMB_ratio,MANUS_ratio,MANUS_AR,CRURAL_index,FORE_HIND_ ratio,Fem_Flare,HINDLIMB_ratio,PES_ratio,PES_AR,MANUS_PES_ratio,Time,Time_2,Locomotion,Group_1,Group_2
Alligator mississipiens,46,0.391,1.739,0.618,0.687,0.253,0.719,0.226,2.646,0.884,0.962,0.222,0.88,0.348,4.255,0.68,Extant,Extant,Undulation,Reptile,Amniotes
Amblyrhynchus cristatus,20.75,0.188,3.33,0.254,0.643,0.724,0.921,0.339,0.165,0.615,1.087,0.309,0.439,1.791,2.042,0.564,Extant,Extant,Undulation,Reptile,Amniotes
Andrias japonicus,17,0.137,0.588,0.257,0.526,0.37,0.254,0.068,0.797,0.559,1.003,0.359,0.305,0.116,2.489,1.066,Extant,Extant,Undulation,Amphibian,Amphibian
Aptenodytes patagonicus,14.37,1.872,0.861,0.727,0.727,0.31,1.469,0.602,4.929,1.585,1.068,0.194,1.857,0.641,2.279,0.408,Extant,Extant,Forelimb oscillation,Aves,Amniotes
Arctocephalus pusillus,54.03,0.648,0.266,0.229,1.025,0.334,1.069,0.416,2.844,2.157,1.988,0.494,1.043,0.536,3.983,0.845,Extant,Extant,Forelimb oscillation,Mammal,Amniotes
Arvicola terrestris,7.5,0.147,1.267,0.333,1.033,0.277,0.701,0.203,2.235,1.302,0.898,0.249,1.007,0.377,3.698,0.477,Extant,Extant,Paddling,Mammal,Amniotes
Bufo bufo,4.88,0.107,0.066,0.304,0.622,0.218,0.937,0.345,2.128,0.912,0.767,0.222,1.683,0.773,7.556,0.708,Extant,Extant,Rowing,Amphibian,Amphibian
Caiman latirostris,12.72,0.426,2.129,0.777,0.741,0.217,0.749,0.253,2.335,0.867,0.886,0.205,0.987,0.435,3.139,0.454,Extant,Extant,Undulation,Reptile,Amniotes
Castor canadiensis,34,0.131,1.265,0.358,1.247,0.445,0.663,0.198,2.086,1.222,0.749,0.313,1.101,0.509,3.982,0.289,Extant,Extant,Paddling,Mammal,Amniotes
Castor fiber,33.5,0.107,1.179,0.272,1.054,0.405,0.659,0.202,1.787,1.21,0.747,0.321,1.138,0.481,3.513,0.349,Extant,Extant,Paddling,Mammal,Amniotes
Chelodina longicollis,8.7,1.342,0.288,0.348,0.644,0.271,0.872,0.213,1.489,0.777,0.907,0.23,0.98,0.194,1.098,0.885,Extant,Extant,Rowing,Reptile,Amniotes
Chelonia mydas,32,0.609,0.25,0.253,0.562,0.342,1.19,0.672,4.349,0.824,1.626,0.416,0.78,0.408,3.026,1.889,Extant,Extant,Forelimb oscillation,Reptile,Amniotes
Chelus fimbriata,15.5,1.29,0.903,0.276,0.553,0.311,0.865,0.335,2.145,0.662,0.794,0.236,1.132,0.419,2.02,0.603,Extant,Extant,Rowing,Reptile,Amniotes
Chelydra serpentina,16,0.688,1.063,0.33,0.589,0.496,0.863,0.298,1.452,0.744,0.898,0.349,1.046,0.355,1.835,0.889,Extant,Extant,Rowing,Reptile,Amniotes
Chitra chitra,38,0.684,1.211,0.605,0.735,0.258,0.682,0.342,1.781,0.551,1.019,0.266,0.819,0.299,1.875,1.38,Extant,Extant,Rowing,Reptile,Amniotes
Cornufer guppyi,10.74,0.151,0.06,0.444,0.67,0.297,0.915,0.337,1.964,0.94,0.502,0.155,2.341,1.002,5.808,0.334,Extant,Extant,Rowing,Amphibian,Amphibian
Crocodylus intermedius,45,0.578,2.289,0.956,0.727,0.275,0.788,0.224,2.157,0.666,0.891,0.207,1.044,0.433,2.263,0.28,Extant,Extant,Undulation,Reptile,Amniotes
Crocodrylus porosus,38.4,0.383,2.005,0.737,0.592,0.277,0.599,0.172,2.634,0.744,0.936,0.249,0.842,0.343,4.201,0.401,Extant,Extant,Undulation,Reptile,Amniotes
Cryptobranchus alleganiensis,18.5,0.131,0.838,0.208,0.541,0.559,0.824,0.399,0.304,0.178,0.251,0.042,0.084,0.42,0.85,0.508,Extant,Extant,Undulation,Amphibian,Amphibian
Dermochelys coriacea,89,0.348,1.09,0.337,0.412,0.515,1.191,0.652,2.344,0.767,1.799,0.423,0.802,0.427,2.031,2.019,Extant,Extant,Forelimb oscillation,Reptile,Amniotes
Desmana moschata,8.5,0.133,2.412,0.435,1.085,0.514,0.785,0.265,1.559,1.884,0.986,0.423,1.365,0.635,3.305,0.368,Extant,Extant,Paddling,Mammal,Amniotes
Enhydra lutris,55,0.218,0.682,0.142,0.766,0.288,0.504,0.125,1.655,1.177,0.985,0.29,0.856,0.382,3.527,0.23,Extant,Extant,Undulation,Mammal,Amniotes
Eremtochelys imbricata,25.5,0.843,0.451,0.284,0.704,0.382,1.382,0.714,2.812,0.751,1.429,0.351,0.865,0.384,1.721,2.112,Extant,Extant,Forelimb oscillation,Reptile,Amniotes
Eudyptes chrysocome,17.5,0.942,0.695,0.638,0.771,0.279,1.13,0.493,4.476,1.742,0.83,0.181,1.714,0.524,2.962,0.585,Extant,Extant,Forelimb oscillation,Aves,Amniotes
Halichoerus grypus,58,0.414,0.5,0.276,1.1,0.5,0.603,0.241,2.081,2.111,1.111,0.611,0.914,0.431,4.084,0.616,Extant,Extant,Undulation,Mammal,Amniotes
Hexaprotodon liberiensis,85,0.253,0.388,0.294,0.657,0.266,0.74,0.256,2.821,0.742,0.876,0.25,0.911,0.331,3.505,0.748,Extant,Extant,Paddling,Mammal,Amniotes
Hippopotamus amphibus,166,0.277,0.313,0.295,1,0.333,0.663,0.193,1.854,0.64,0.78,0.295,0.688,0.259,4.11,1.228,Extant,Extant,Paddling,Mammal,Amniotes
Hydrochoerus hydrochaeris,52,0.308,0.199,0.327,0.571,0.241,0.63,0.207,1.799,0.833,0.778,0.25,1.01,0.375,5.112,0.863,Extant,Extant,Paddling,Mammal,Amniotes
Hydromys sp,9.04,0.489,2.875,0.31,1.077,0.29,0.828,0.22,2.038,1.228,0.673,0.261,1.271,0.59,4.597,0.315,Extant,Extant,Paddling,Mammal,Amniotes
Kinosternon acutum,6.02,0.847,0.341,0.216,0.642,0.241,0.628,0.186,1.838,0.822,1.066,0.204,0.678,0.218,3.213,1.278,Extant,Extant,Rowing,Reptile,Amniotes
Kinosternon subrubrum,8.1,0.914,0.346,0.284,0.684,0.29,0.727,0.247,1.321,0.77,0.951,0.251,0.726,0.195,1.527,1.853,Extant,Extant,Rowing,Reptile,Amniotes
Lissemys punctata,17.5,1.286,0.354,0.326,0.49,0.331,0.75,0.307,2.275,0.593,0.868,0.254,0.883,0.338,2.371,0.863,Extant,Extant,Rowing,Reptile,Amniotes
Lutra lutra,22.5,0.248,0.933,0.246,0.749,0.377,0.626,0.208,1.732,1.09,1.217,0.231,0.763,0.352,3.117,0.624,Extant,Extant,Undulation,Mammal,Amniotes
Mesoclemmys nasuta,13.3,0.865,0.639,0.465,0.584,0.244,1.07,0.377,1.803,0.649,0.884,0.26,1.342,0.526,2.8,0.796,Extant,Extant,Rowing,Reptile,Amniotes
Miorunga leonina,184.5,0.211,0.285,0.179,1.093,0.359,0.537,0.23,2.078,2.252,1.656,0.669,0.585,0.298,2.879,0.827,Extant,Extant,Undulation,Mammal,Amniotes
Myocastor coypus,18.3,0.239,2.005,0.393,1.042,0.248,0.869,0.253,2.153,1.172,0.753,0.254,1.455,0.585,3.569,0.31,Extant,Extant,Paddling,Mammal,Amniotes
Neovison vison,19,0.411,0.684,0.184,0.689,0.184,0.595,0.195,4.118,1.068,0.98,0.207,0.773,0.274,5.575,0.685,Extant,Extant,Paddling,Mammal,Amniotes
Odobenus rosmarus,150,0.227,0.22,0.16,0.69,0.341,0.612,0.212,1.923,1.69,1.69,0.51,0.733,0.357,4.346,0.799,Extant,Extant,Undulation,Mammal,Amniotes
Ondatra zybethicus,13,0.204,1.546,0.315,1.129,0.345,0.738,0.231,2.287,1.657,0.886,0.229,1.19,0.475,4.188,0.433,Extant,Extant,Paddling,Mammal,Amniotes
Ornithorhynchus anatinus,12,0.2,0.917,0.621,1.042,0.402,0.816,0.329,2.189,1.566,1.079,0.623,0.965,0.398,3.276,1.022,Extant,Extant,Rowing,Mammal,Amniotes
Otaria byronia,81.5,0.442,0.164,0.245,0.96,0.419,0.816,0.34,3.277,1.932,1.763,0.508,0.776,0.372,3.649,1.016,Extant,Extant,Forelimb oscillation,Mammal,Amniotes
Phoca vitulina,62,0.331,0.476,0.202,0.816,0.396,0.511,0.242,3.261,2.208,1.194,0.555,0.834,0.435,5.39,0.51,Extant,Extant,Undulation,Mammal,Amniotes
Potamogale velox,10.73,0.42,1.668,0.353,0.601,0.119,0.713,0.217,3.726,1.06,1.081,0.233,0.98,0.326,5.39,0.624,Extant,Extant,Paddling,Mammal,Amniotes
Pteronura brasiliensis,55.5,0.306,1.144,0.181,0.772,0.381,0.526,0.204,2.825,1.24,0.986,0.313,0.741,0.328,3.733,0.509,Extant,Extant,Undulation,Mammal,Amniotes
Spheniscus demersus,20,0.9,0.6,0.607,0.739,0.36,1.097,0.465,3.945,1.389,0.935,0.2,1.394,0.465,2.351,0.595,Extant,Extant,Forelimb oscillation,Aves,Amniotes
Staurotypus triporcatus,22.1,0.814,0.534,0.404,0.608,0.299,0.779,0.308,2.224,0.788,1.013,0.269,0.889,0.371,2.401,0.742,Extant,Extant,Rowing,Reptile,Amniotes
Tapirus indicus,84,0.31,0.476,0.345,0.848,0.3,0.78,0.274,2.445,0.879,0.868,0.306,0.986,0.393,5.802,1.153,Extant,Extant,Paddling,Mammal,Amniotes
Tomistoma schlegelii,34,0.559,2.118,0.912,0.691,0.277,0.667,0.201,1.707,0.78,0.825,0.224,0.928,0.335,1.644,0.348,Extant,Extant,Undulation,Reptile,Amniotes
Tryonyx triunguis,29.5,0.417,1.017,0.379,0.54,0.74,0.948,0.332,0.298,1.061,1.172,0.447,0.441,2.5,2.039,0.841,Extant,Extant,Rowing,Reptile,Amniotes
Varanus niloticus,25,0.32,2.12,0.358,0.963,0.369,0.666,0.253,1.77,0.785,0.921,0.297,0.664,0.257,1.961,1.077,Extant,Extant,Undulation,Reptile,Amniotes
Amphiuma means,39,0.084,0.231,0.077,0.411,0.203,0.048,0.013,1.053,NA,NA,NA,NA,NA,NA,NA,Extant,Extant,Undulation,Amphibian,Amphibian
Delphinus delphis,105,0.052,0.81,0.324,1.113,0.933,0.389,0.238,2.493,NA,NA,NA,NA,NA,NA,NA,Extant,Extant,Caudal oscillation,Mammal,Amniotes
Dugong dugon,103,0.102,0.845,0.238,0.628,0.383,0.457,0.168,2.428,NA,NA,NA,NA,NA,NA,NA,Extant,Extant,Caudal oscillation,Mammal,Amniotes
Phocoena phocoena,62.5,0.06,0.768,0.296,1.135,0.556,0.341,0.159,3.43,NA,NA,NA,NA,NA,NA,NA,Extant,Extant,Caudal oscillation,Mammal,Amniotes
Trichechus manatus,112,0.313,0.857,0.214,0.743,0.418,0.46,0.188,2.031,NA,NA,NA,NA,NA,NA,NA,Extant,Extant,Undulation,Mammal,Amniotes
Trichechus senegalensis,76,0.289,1.105,0.303,0.649,0.347,0.651,0.25,1.897,NA,NA,NA,NA,NA,NA,NA,Extant,Extant,Undulation,Mammal,Amniotes
Wangosaurus brevirostris,56.4,1.508,1.863,0.474,0.56,0.319,0.693,0.234,2.205,0.39,0.96,0.13,0.773,0.303,2.744,0.74,Triassic,Mesozoic,Sauropterygia,Sauropterygia,Amniotes
Diandongosaurus acutidentatus,7.77,0.933,1.615,0.367,0.544,0.254,0.563,0.198,2.487,0.522,0.735,0.222,0.834,0.337,2.652,0.369,Triassic,Mesozoic,Sauropterygia,Sauropterygia,Amniotes
Dianmeisaurus gracilis,6.64,0.891,1.981,0.353,0.576,0.307,0.576,0.196,2.427,0.446,0.817,0.132,0.636,0.233,2.514,0.734,Triassic,Mesozoic,Sauropterygia,Sauropterygia,Amniotes
Placodus inexpectatus,60,0.18,1.838,0.3,0.556,0.303,0.567,0.177,2.149,0.711,1.052,0.259,0.672,0.258,2.513,0.553,Triassic,Mesozoic,Sauropterygia,Sauropterygia,Amniotes
Wumengosaurus delicatomandibularis,30.9,0.462,1.87,0.303,0.557,0.341,0.465,0.163,2.558,0.505,0.972,0.672,0.517,0.217,3.768,0.829,Triassic,Mesozoic,Sauropterygia,Sauropterygia,Amniotes
Nothosaurus giganteus,103,0.65,1.49,0.558,0.506,0.249,0.545,0.2,2.072,0.485,0.94,0.206,0.589,0.22,2.407,0.962,Triassic,Mesozoic,Sauropterygia,Sauropterygia,Amniotes
Ceresiosaurus calcagnii,54.5,0.747,1.67,0.385,0.456,0.245,0.647,0.201,2.364,0.521,1.45,0.192,0.582,0.259,3.389,0.864,Triassic,Mesozoic,Sauropterygia,Sauropterygia,Amniotes
Neusticosaurus edwardsii,27.8,0.546,1.977,0.243,0.55,0.243,0.471,0.204,3.254,0.573,1.705,0.247,0.553,0.287,3.859,0.596,Triassic,Mesozoic,Sauropterygia,Sauropterygia,Amniotes
Neusticosaurus peyeri,8.1,0.642,2.284,0.406,0.505,0.322,0.619,0.176,2.637,0.511,1.145,0.154,0.658,0.269,3.88,0.629,Triassic,Mesozoic,Sauropterygia,Sauropterygia,Amniotes
Neusticosaurus pusillus,8.3,0.639,1.789,0.349,0.548,0.342,0.575,0.204,3.83,0.492,0.995,0.124,0.641,0.272,3.445,0.505,Triassic,Mesozoic,Sauropterygia,Sauropterygia,Amniotes
Paraplacodus broilii,30.5,0.295,2.836,0.416,0.642,0.356,0.804,0.283,2.166,0.706,1.148,0.229,0.777,0.311,2.718,1.035,Triassic,Mesozoic,Sauropterygia,Sauropterygia,Amniotes
Serpianosaurus mirigiolensis,14.7,0.628,2.286,0.477,0.587,0.335,0.541,0.164,3.025,0.558,1.063,0.161,0.574,0.246,3.413,0.503,Triassic,Mesozoic,Sauropterygia,Sauropterygia,Amniotes
Keichousaurus hui,5.7,1.196,2.071,0.453,0.487,0.252,0.816,0.247,2.009,0.357,1.183,0.135,0.7,0.282,1.876,0.715,Triassic,Mesozoic,Sauropterygia,Sauropterygia,Amniotes
Lariosaurus balsami,26,0.665,1.252,0.406,0.521,0.278,0.523,0.165,2.248,0.465,0.79,0.146,0.689,0.215,3.032,0.793,Triassic,Mesozoic,Sauropterygia,Sauropterygia,Amniotes
Lariosaurus valceresii,27.6,0.811,1.264,0.395,0.486,0.234,0.519,0.171,2.636,0.455,0.955,0.12,0.527,0.171,2.426,0.915,Triassic,Mesozoic,Sauropterygia,Sauropterygia,Amniotes
Lariosaurus xingyiensis,48.12,0.558,0.714,0.397,0.53,0.309,0.352,0.138,2.746,0.437,0.758,0.186,0.465,0.168,2.692,0.662,Triassic,Mesozoic,Sauropterygia,Sauropterygia,Amniotes
Nothosaurus youngi,43.5,0.647,1.271,0.474,0.558,0.309,0.513,0.207,1.82,0.496,0.909,0.134,0.663,0.247,2.594,0.999,Triassic,Mesozoic,Sauropterygia,Sauropterygia,Amniotes
Yunguisaurus liae,85.6,1.521,1.923,0.312,0.564,0.311,0.729,0.313,3.003,0.588,1.081,0.333,0.928,0.55,4.124,0.445,Triassic,Mesozoic,Sauropterygia,Sauropterygia,Amniotes
Psephochelys polyosteoderma,21.4,0.16,2.029,0.41,0.528,0.112,0.634,0.233,2.263,0.844,1.178,0.4,0.733,0.353,2.372,0.457,Triassic,Mesozoic,Sauropterygia,Sauropterygia,Amniotes
Sinocyamodus xinpuensis,39,0.256,1.338,0.372,0.613,0.342,0.64,0.2,1.683,0.741,0.957,0.181,0.766,0.276,1.981,0.616,Triassic,Mesozoic,Sauropterygia,Sauropterygia,Amniotes
Psephoderma alpinum,49.2,0.201,2.27,0.419,0.359,0.668,0.584,0.187,1.851,0.827,1.028,0.336,0.678,0.308,2.268,0.451,Triassic,Mesozoic,Sauropterygia,Sauropterygia,Amniotes
Thalassiodracon hawkinsii,41.62,1.447,1.569,0.458,0.341,0.472,1.046,0.596,5.301,0.332,0.99,0.421,1.103,0.627,5.117,0.872,Jurassic,Mesozoic,Sauropterygia,Sauropterygia,Amniotes
Atychodracon megacephalus,124.41,1.094,1.321,0.661,0.399,0.543,0.822,0.438,5.126,0.344,0.953,0.465,0.91,0.554,5.599,0.681,Jurassic,Mesozoic,Sauropterygia,Sauropterygia,Amniotes
Archaeonectrus rostratus,95.6,0.941,1.237,0.649,0.319,0.399,0.694,0.366,4.347,0.316,0.975,0.471,0.805,0.449,5.244,0.801,Jurassic,Mesozoic,Sauropterygia,Sauropterygia,Amniotes
Attenborosaurus conybeari,125.6,1.539,1.339,0.422,0.38,0.432,0.885,0.467,4.118,0.298,1,0.419,0.81,0.433,3.135,0.885,Jurassic,Mesozoic,Sauropterygia,Sauropterygia,Amniotes
Plesiosaurus sp,87.73,1.345,0.877,0.247,0.428,0.493,0.734,0.421,4.624,0.409,1.017,0.531,0.703,0.41,4.575,1.045,Jurassic,Mesozoic,Sauropterygia,Sauropterygia,Amniotes
Hauffiosaurus zanoni,82,1.134,1.165,0.524,0.302,0.391,0.995,0.498,4.452,0.284,0.925,0.36,0.949,0.435,3.344,0.984,Jurassic,Mesozoic,Sauropterygia,Sauropterygia,Amniotes
Meyerasaurus victor,92.71,0.878,1.194,0.448,0.34,0.476,1.324,0.698,4.477,0.313,1.079,0.433,1.238,0.692,4.438,1.011,Jurassic,Mesozoic,Sauropterygia,Sauropterygia,Amniotes
Microcleidus brachypterygius,59.97,2.255,1.719,0.36,0.362,0.488,1.197,0.657,4.501,0.379,1.046,0.5,1.232,0.706,4.967,0.955,Jurassic,Mesozoic,Sauropterygia,Sauropterygia,Amniotes
Rhomaleosaurus cramptoni,205.2,0.848,0.845,0.536,0.308,0.481,0.793,0.423,4.403,0.336,0.97,0.462,0.838,0.49,5.161,0.875,Jurassic,Mesozoic,Sauropterygia,Sauropterygia,Amniotes
Seeleyosaurus guilelmiimperatoris,84,1.607,1.528,0.248,0.375,0.479,0.942,0.484,2.688,0.379,1.057,0.479,1.033,0.595,3.845,0.946,Jurassic,Mesozoic,Sauropterygia,Sauropterygia,Amniotes
Plesiopterys wildi,53,1.632,1.415,0.279,0.37,0.524,0.923,0.485,4.19,0.306,0.994,0.512,0.934,0.484,4.169,0.997,Jurassic,Mesozoic,Sauropterygia,Sauropterygia,Amniotes
Cryptoclidus eurymerus,99,1.091,0.926,0.36,0.232,0.639,0.949,0.601,4.287,0.275,0.79,0.74,1.021,0.566,4.285,1.128,Jurassic,Mesozoic,Sauropterygia,Sauropterygia,Amniotes
Liopleurodon ferox,181,0.406,0.58,0.657,0.163,0.551,0.591,0.337,4.592,0.175,0.75,0.538,0.785,0.453,5.998,0.723,Jurassic,Mesozoic,Sauropterygia,Sauropterygia,Amniotes
Muraenosaurus leedsii ,140.7,1.41,0.999,0.291,0.308,0.606,0.628,0.374,4.569,0.237,1.061,0.547,0.607,0.384,5.001,1.038,Jurassic,Mesozoic,Sauropterygia,Sauropterygia,Amniotes
Peloneustes philarchus,135,0.459,0.996,0.589,0.197,0.553,0.696,0.363,3.945,0.201,0.864,0.443,0.822,0.43,5.211,0.943,Jurassic,Mesozoic,Sauropterygia,Sauropterygia,Amniotes
Kronosaurus boyacensis,282.5,0.393,1.064,0.857,0.15,0.402,0.651,0.371,5.577,0.128,0.818,0.41,0.685,0.401,6.333,0.974,Cretaceous,Mesozoic,Sauropterygia,Sauropterygia,Amniotes
Nichollssaura borealis,67.2,1.027,1.135,0.458,0.191,0.564,0.804,0.441,4.096,0.19,0.975,0.55,0.841,0.461,4.544,1.014,Cretaceous,Mesozoic,Sauropterygia,Sauropterygia,Amniotes
Thalassomedon haningtoni,308,1.977,0.396,0.156,0.295,0.659,0.537,0.369,5.081,0.261,1,0.584,0.52,0.349,5.129,1.125,Cretaceous,Mesozoic,Sauropterygia,Sauropterygia,Amniotes
Stenorhynchosaurus munozi,150,0.483,1.063,0.78,0.079,0.33,1.113,0.62,5.934,0.082,0.812,0.293,1.213,0.61,5.94,1.036,Cretaceous,Mesozoic,Sauropterygia,Sauropterygia,Amniotes
Libonectes atlasense,135,2.963,1.074,0.333,0.367,0.997,0.991,0.715,5.145,0.34,0.978,0.765,0.945,0.661,5.409,1.229,Cretaceous,Mesozoic,Sauropterygia,Sauropterygia,Amniotes
Polycotylus latipinnis,126.67,0.987,1.021,0.537,0.135,0.593,1.045,0.618,5.077,0.126,0.95,0.531,0.961,0.542,4.519,1.159,Cretaceous,Mesozoic,Sauropterygia,Sauropterygia,Amniotes
Styxosaurus sp,210,2.762,0.648,0.21,0.329,0.697,0.79,0.571,5.868,0.288,1.041,0.671,0.824,0.61,6.854,1.026,Cretaceous,Mesozoic,Sauropterygia,Sauropterygia,Amniotes
Albertonectes vanderveldei,188,3.723,1.29,0.246,0.313,0.565,0.741,0.471,5.069,0.245,1.053,0.589,0.717,0.467,5.16,1.039,Cretaceous,Mesozoic,Sauropterygia,Sauropterygia,Amniotes
Dolichorhynchops osborni,91.8,0.558,0.826,0.61,0.107,0.5,0.886,0.48,3.635,0.148,1.018,0.567,0.913,0.5,3.4,0.863,Cretaceous,Mesozoic,Sauropterygia,Sauropterygia,Amniotes
Hydrotherosaurus alexandrae,140,3.179,0.829,0.336,0.282,0.692,1.07,0.849,6.881,0.25,1.083,0.658,1.119,0.798,6.659,1.095,Cretaceous,Mesozoic,Sauropterygia,Sauropterygia,Amniotes
Morenosaurus stocki,200,1.735,0.815,0.246,0.31,0.757,0.692,0.466,4.937,0.267,1.039,0.728,0.669,0.452,4.821,1.041,Cretaceous,Mesozoic,Sauropterygia,Sauropterygia,Amniotes
Cartorhynchus lenticarpus,10,0.142,2.9,0.554,0.744,0.821,0.48,0.282,2.809,0.859,1.604,0.678,0.291,0.15,2.419,3.045,Triassic,Mesozoic,Ichthyosauromorpha,Ichthyosauromorpha,Amniotes
Utatsusaurus hataii,57.5,0.112,1.549,0.403,0.875,0.537,0.264,0.135,2.424,0.866,1.039,0.7,0.265,0.138,2.555,1.013,Triassic,Mesozoic,Ichthyosauromorpha,Ichthyosauromorpha,Amniotes
Chaohusaurus chaoxianensis,17.5,0.115,1.698,0.529,0.935,0.712,0.398,0.213,2.668,1.035,1.479,0.691,0.309,0.183,3.21,1.629,Triassic,Mesozoic,Ichthyosauromorpha,Ichthyosauromorpha,Amniotes
Chaohusaurus brevifemoralis,31.28,0.049,1.256,0.366,0.935,0.677,0.309,0.185,2.445,1.211,1.561,0.69,0.261,0.156,2.77,1.598,Triassic,Mesozoic,Ichthyosauromorpha,Ichthyosauromorpha,Amniotes
Xinminosaurus catactes,92.4,0.06,1.089,0.314,0.757,0.557,0.29,0.152,3.941,0.818,1.273,0.585,0.244,0.134,3.362,1.099,Triassic,Mesozoic,Ichthyosauromorpha,Ichthyosauromorpha,Amniotes
Mixosaurus cornalianus,27.3,0.092,1.328,0.675,0.617,0.734,0.377,0.22,2.176,0.794,2.012,0.85,0.213,0.13,2.21,3.306,Triassic,Mesozoic,Ichthyosauromorpha,Ichthyosauromorpha,Amniotes
Barracudasauroides panxianensis,34.97,0.061,1.123,0.563,0.644,0.731,0.341,0.211,2.315,0.751,1.533,0.786,0.208,0.129,2.455,2.836,Triassic,Mesozoic,Ichthyosauromorpha,Ichthyosauromorpha,Amniotes
Mixosaurus xindianensis,37.33,0.077,0.921,0.597,0.597,0.725,0.354,0.207,2.249,0.738,1.884,0.802,0.188,0.106,1.745,2.987,Triassic,Mesozoic,Ichthyosauromorpha,Ichthyosauromorpha,Amniotes
Phalarodon atavus,24.72,0.121,0.993,0.576,0.848,0.993,0.317,0.176,2.013,0.76,1.476,0.771,0.194,0.112,2.016,2.495,Triassic,Mesozoic,Ichthyosauromorpha,Ichthyosauromorpha,Amniotes
Besanosaurus leptorhynchus,172.4,0.07,1.616,0.296,0.708,1.052,0.406,0.273,4.563,0.831,1.157,0.819,0.348,0.229,4.239,1.315,Triassic,Mesozoic,Ichthyosauromorpha,Ichthyosauromorpha,Amniotes
Shonisaurus popularis,396,0.218,1.398,0.694,0.6,0.875,0.48,0.318,5.345,0.623,1.159,0.957,0.498,0.351,5.615,0.863,Triassic,Mesozoic,Ichthyosauromorpha,Ichthyosauromorpha,Amniotes
Guanlingsaurus lingae,262.5,0.143,1.032,0.286,0.624,0.956,0.431,0.304,4.086,0.804,1.388,0.89,0.305,0.212,4.883,2.458,Triassic,Mesozoic,Ichthyosauromorpha,Ichthyosauromorpha,Amniotes
Guizhouichthyosaurus tangae,175.1,0.136,1.401,0.456,0.64,0.965,0.517,0.39,5.093,0.667,1.171,0.747,0.443,0.351,6.397,1.551,Triassic,Mesozoic,Ichthyosauromorpha,Ichthyosauromorpha,Amniotes
Qianichthyosaurus zhoui,53.2,0.111,1.47,0.504,0.666,0.668,0.597,0.403,6.037,0.627,0.956,0.702,0.465,0.269,3.439,1.274,Triassic,Mesozoic,Ichthyosauromorpha,Ichthyosauromorpha,Amniotes
Suevoleviathan integer,105,0.068,2.098,0.848,0.404,0.836,0.57,0.414,2.291,0.379,1.326,0.743,0.429,0.304,3.227,2.618,Jurassic,Mesozoic,Ichthyosauromorpha,Ichthyosauromorpha,Amniotes
Temnodontosaurus trigonodon,235.4,0.088,1.792,0.667,0.446,0.92,0.448,0.314,4.416,0.386,1.158,0.719,0.345,0.246,4.854,1.802,Jurassic,Mesozoic,Ichthyosauromorpha,Ichthyosauromorpha,Amniotes
Leptonectes tenuirostris,69.53,0.077,1.483,0.811,0.479,0.851,0.707,0.509,4.451,0.367,1.332,0.604,0.281,0.161,1.683,3.757,Jurassic,Mesozoic,Ichthyosauromorpha,Ichthyosauromorpha,Amniotes
Hauffiopteryx typicus,60,0.077,1.376,0.642,0.459,0.868,0.371,0.238,3.005,0.382,1.516,0.722,0.142,0.073,1.476,5.27,Jurassic,Mesozoic,Ichthyosauromorpha,Ichthyosauromorpha,Amniotes
Excalibosaurus costini,144.64,0.104,2.127,0.684,0.531,0.965,0.512,0.368,3.826,0.372,1.409,0.788,0.209,0.12,2.037,5.028,Jurassic,Mesozoic,Ichthyosauromorpha,Ichthyosauromorpha,Amniotes
Eurhinosaurus longirostris,160.9,0.055,1.787,0.426,0.52,0.917,0.513,0.362,3.609,0.43,1.34,0.834,0.423,0.315,5.642,2.061,Jurassic,Mesozoic,Ichthyosauromorpha,Ichthyosauromorpha,Amniotes
Stenopterygius quadriscissus,88.2,0.119,1.47,0.58,0.373,0.751,0.406,0.272,3.153,0.303,1.319,0.534,0.205,0.098,2.241,5.539,Jurassic,Mesozoic,Ichthyosauromorpha,Ichthyosauromorpha,Amniotes
Stenopterygius triscissus,102,0.073,1.379,0.623,0.429,0.813,0.373,0.248,5.722,0.853,1.52,0.456,0.105,0.152,6.087,2.834,Jurassic,Mesozoic,Ichthyosauromorpha,Ichthyosauromorpha,Amniotes
Stenopterygius uniter,109.2,0.102,1.445,0.638,0.365,0.791,0.549,0.402,3.857,0.329,1.442,0.675,0.296,0.199,4.024,4.301,Jurassic,Mesozoic,Ichthyosauromorpha,Ichthyosauromorpha,Amniotes
Ichthyosaurus communis   ,63.8,0.188,1.426,0.831,0.355,0.82,0.421,0.286,2.533,0.267,1.216,0.612,0.254,0.135,1.957,3.479,Jurassic,Mesozoic,Ichthyosauromorpha,Ichthyosauromorpha,Amniotes
Ichthyosaurus somersetensis,79.2,0.089,1.198,0.593,0.347,0.753,0.407,0.295,3.185,0.284,1.382,0.553,0.178,0.088,1.858,6.577,Jurassic,Mesozoic,Ichthyosauromorpha,Ichthyosauromorpha,Amniotes
Ichthyosaurus larkini,65.74,0.12,1.394,0.557,0.364,0.662,0.409,0.254,3.215,0.224,1.387,0.541,0.229,0.133,2.539,2.865,Jurassic,Mesozoic,Ichthyosauromorpha,Ichthyosauromorpha,Amniotes
Ophthalmosaurus icenicus,170.29,0.059,0.913,0.599,0.365,0.932,0.32,0.194,1.354,0.398,1.624,0.713,0.139,0.066,1.729,11.08,Jurassic,Mesozoic,Ichthyosauromorpha,Ichthyosauromorpha,Amniotes
Cryopterygius kristiansenae,207.8,0.079,0.931,0.669,0.29,0.716,0.232,0.15,2.577,0.268,1.384,0.741,0.118,0.048,1.355,5.163,Jurassic,Mesozoic,Ichthyosauromorpha,Ichthyosauromorpha,Amniotes
Caypullysaurus bonapartei,273.1,0.1665,1.1206,0.5397,0.3048,0.6721,0.3003,0.2234,3.717,0.3343,1.424,0.5404,0.1156,0.0573,1.3394,5.4762,Cretaceous,Mesozoic,Ichthyosauromorpha,Ichthyosauromorpha,Amniotes
Platypterygius hercynicus,162.4,0.139,1.121,0.69,0.212,0.831,0.322,0.237,2.41,0.232,1.674,0.522,0.103,0.05,1.291,11.868,Cretaceous,Mesozoic,Ichthyosauromorpha,Ichthyosauromorpha,Amniotes
Clarazia schinzi,18.578,0.2223,2.9189,0.347,0.593,0.3383,0.4581,0.2468,4.1386,0.4543,0.6818,0.39,0.5437,0.258,3.0886,0.6826,Triassic,Mesozoic,Thalattosauria,Thalattosauria,Amniotes
Askeptosaurus italicus,28,0.9464,4.0536,0.6857,0.4422,0.1992,0.5071,0.2032,2.7598,0.5476,0.8172,0.2317,0.6786,0.3096,2.3563,0.3677,Triassic,Mesozoic,Thalattosauria,Thalattosauria,Amniotes
Anshunsaurus huangguoshuensis,73,0.6027,2.3288,0.5137,0.6182,0.4836,0.5051,0.2154,1.6558,0.625,0.8594,0.3313,0.5739,0.2525,2.3991,1.0544,Triassic,Mesozoic,Thalattosauria,Thalattosauria,Amniotes
Miodentosaurus brevis,91.177,0.4645,3.1675,0.0319,0.5641,0.4769,0.5525,0.218,1.9581,0.1445,0.9242,0.3673,0.5412,0.2763,2.2919,0.7286,Triassic,Mesozoic,Thalattosauria,Thalattosauria,Amniotes
Endennasaurus acutirostris,17.199,0.6838,4.1205,0.4477,0.569,0.364,0.6837,0.252,3.0817,0.5439,0.8772,0.1804,0.857,0.3385,3.2771,0.5895,Triassic,Mesozoic,Thalattosauria,Thalattosauria,Amniotes
Hupehsuchus nanchangensis,23.6395,0.2423,1.7386,0.5021,0.9673,0.7523,0.1132,0.2601,1.5515,0.8536,1.3644,0.5412,0.3126,0.1813,1.8249,2.4203,Triassic,Mesozoic,Ichthyosauromorpha,Ichthyosauromorpha,Amniotes
Eretmophis carroldongi,30.115,0.1783,1.9431,0.2047,0.8187,0.6886,0.4888,0.2379,1.4742,0.7696,1.5935,0.6163,0.3307,0.1854,1.4706,1.6432,Triassic,Mesozoic,Ichthyosauromorpha,Ichthyosauromorpha,Amniotes
Helveticosurus zollingeri,121,0.2479,0.7025,0.1818,0.6905,0.411,0.581,0.2934,2.9688,0.7514,1.1081,0.2432,0.5248,0.2769,2.5439,0.9622,Triassic,Mesozoic,Saurosphargidae,Saurosphargidae,Amniotes
Largocephalosaurus polycarpon,70.375,0.1636,1.6559,0.3176,0.6707,0.2134,0.6677,0.254,2.4039,0.6029,1.2059,0.2059,0.5063,0.1839,2.1099,1.673,Triassic,Mesozoic,Saurosphargidae,Saurosphargidae,Amniotes
Tanystropheus longobardicus,53,3.9811,2.6415,0.3792,0.6414,0.2486,0.6598,0.1901,3.488,0.717,0.684,0.1163,1.1021,0.4212,4.2064,0.2455,Triassic,Mesozoic,Tanystropheidae,Tanystropheidae,Amniotes
Tanytrachelos ahynis,5.453,0.9607,2.0576,0.285,0.4484,0.1451,0.8083,0.2372,2.3174,0.5683,0.8058,0.1056,1.2887,0.5216,3.2971,0.2942,Triassic,Mesozoic,Tanystropheidae,Tanystropheidae,Amniotes
Dinocephalosaurus orientalis,69.985,2.3667,2.3341,0.2632,0.6582,0.2315,0.5449,0.2477,3.9821,0.5482,1.0448,0.2668,0.5147,0.2582,3.7516,0.867,Triassic,Mesozoic,Tanystropheidae,Tanystropheidae,Amniotes
Atopodentatus unicus,78.5785,0.4506,1.7333,0.1527,0.3778,0.2844,0.5599,0.1794,2.48,0.6163,1.3081,0.1971,0.5409,0.2241,2.9805,0.7708,Triassic,Mesozoic,Sauropterygia,Sauropterygia,Amniotes
Odontochelys semitestacea,14.3,0.5,1.3561,0.4465,0.6315,0.4358,0.7809,0.2972,1.8546,0.6547,0.9488,0.2157,0.7973,0.3153,2.9687,1.4218,Triassic,Mesozoic,Pantestudines,Pantestudines,Amniotes
Proganochelys quenstedti,40.25,0.3717,0.9491,0.2385,0.6124,0.4068,0.7795,0.2137,1.284,0.5882,0.8746,0.3021,0.9836,0.3463,1.7136,0.5079,Triassic,Mesozoic,Pantestudines,Pantestudines,Amniotes
Eorhynchochelys sinensis,45.9905,0.3005,3.3015,0.1957,0.6142,0.5,0.7713,0.3196,2.3583,0.6303,0.8944,0.3247,0.835,0.338,3.7349,1.4163,Triassic,Mesozoic,Pantestudines,Pantestudines,Amniotes
Platysuchus multicrobiculatus,61.4685,0.3265,2.3051,0.9436,0.5795,0.1602,0.486,0.1405,3.0746,0.6024,0.6819,0.1448,0.8663,0.3361,2.732,0.1553,Jurassic,Mesozoic,Thalattosuchia,Thalattosuchia,Amniotes
Pelagosaurus typus,30.1185,0.4067,2.6287,0.9922,0.5999,0.1872,0.4237,0.0982,3.4731,0.5645,0.5895,0.1209,0.8424,0.2952,4.0697,0.1298,Jurassic,Mesozoic,Thalattosuchia,Thalattosuchia,Amniotes
Steneosaurus bollensis,92.063,0.408,2.52,0.978,0.573,0.221,0.475,0.119,3.541,0.748,0.655,0.169,0.862,0.311,3.336,0.139,Jurassic,Mesozoic,Thalattosuchia,Thalattosuchia,Amniotes
Metriorhynchus superciliosus,86.6065,0.3204,1.7782,0.8729,0.3222,0.2368,0.2117,0.0908,2.011,0.3353,0.3005,0.1251,0.6837,0.2573,2.6951,0.167,Jurassic,Mesozoic,Thalattosuchia,Thalattosuchia,Amniotes
Cricosaurus suevicus,50,0.22,1.956,0.86,0.5,0.7,0.1765,0.096,2.2606,0.2833,0.25,0.125,0.5368,0.222,4.0813,0.3376,Jurassic,Mesozoic,Thalattosuchia,Thalattosuchia,Amniotes
Cricosaurus bambergensis,38.1,0.2097,2.0869,0.9131,0.545,0.375,0.1983,0.0847,1.6711,0.2874,0.3298,0.1344,0.5129,0.2195,4.6009,0.4105,Jurassic,Mesozoic,Thalattosuchia,Thalattosuchia,Amniotes
Dakosaurus maximus,122.4,0.1663,1.7746,0.5397,0.5042,0.4497,0.179,0.0932,1.4754,0.3206,0.2658,0.15,0.4913,0.2116,3.3389,0.4385,Jurassic,Mesozoic,Thalattosuchia,Thalattosuchia,Amniotes
Kallimodon pulchellus,6.6775,0.271,2.3967,0.3894,0.7252,0.3131,0.6565,0.2666,3.0527,0.7898,0.6905,0.1881,1.041,0.5003,3.6337,0.3382,Jurassic,Mesozoic,Rhynchocephalia,Rhynchocephalia,Amniotes
Kallimodon cerinensis ,9.05,0.2659,2.0994,0.4175,0.777,0.3098,0.6576,0.2642,2.8584,0.7993,0.7143,0.1996,0.9741,0.4627,3.6523,0.4167,Jurassic,Mesozoic,Rhynchocephalia,Rhynchocephalia,Amniotes
Sapheosaurus thiollierei,13.9,0.2553,2.8201,0.3633,0.6739,0.3449,0.5975,0.243,3.3561,0.8132,0.7439,0.2076,0.9392,0.4351,3.1332,0.2913,Jurassic,Mesozoic,Rhynchocephalia,Rhynchocephalia,Amniotes
Vadasaurus herzogi,6.3,0.206,2.8571,0.4635,0.6431,0.3466,0.7148,0.3198,4.5855,0.7568,0.7068,0.1941,1.1383,0.5445,4.1005,0.3084,Jurassic,Mesozoic,Rhynchocephalia,Rhynchocephalia,Amniotes
Palaeopleurosaurus posidoniae,26.3,0.1255,2.3726,0.269,0.6731,0.4017,0.2814,0.1217,2.6947,0.6,0.7429,0.1689,0.3688,0.1728,4.3918,0.8083,Jurassic,Mesozoic,Rhynchocephalia,Rhynchocephalia,Amniotes
Pleurosaurus ginsburgi,42.2125,0.0713,2.369,0.1895,0.7027,0.414,0.1048,0.0395,2.6659,0.5127,0.2308,0.231,0.3253,0.1514,6.384,0.1631,Jurassic,Mesozoic,Rhynchocephalia,Rhynchocephalia,Amniotes
Pleurosaurus goldfussi,31,0.0787,2.361,0.3065,0.7333,0.3183,0.2016,0.0866,2.7062,0.5789,0.5526,0.2014,0.3099,0.1323,3.4803,0.5518,Jurassic,Mesozoic,Rhynchocephalia,Rhynchocephalia,Amniotes
Eurysternum wagleri,23.45,0.473,0.796,0.232,0.726,0.486,0.644,0.25,1.522,0.358,0.727,0.305,0.925,0.353,1.943,0.637,Jurassic,Mesozoic,Pantestudines,Pantestudines,Amniotes
Idiochelys fitzingeri,9,0.531,0.856,0.331,0.65,0.339,0.861,0.352,3.604,0.735,1.083,0.204,0.87,0.37,2.662,0.669,Jurassic,Mesozoic,Pantestudines,Pantestudines,Amniotes
Platychelys oberndorferi,12.5,0.58,0.942,0.254,0.737,0.472,0.713,0.294,1.705,0.94,1.05,0.355,0.621,0.405,2.823,0.87,Jurassic,Mesozoic,Pantestudines,Pantestudines,Amniotes
Xinjiangchelys wusu,14.5,0.4828,1.2742,0.2069,0.5892,0.2985,0.6072,0.2828,1.8095,0.516,0.62,0.2683,0.81,0.3034,2.8681,1.3763,Jurassic,Mesozoic,Pantestudines,Pantestudines,Amniotes
Aigialosaurus bucchichi,32,0.4499,2.2063,0.4463,0.7778,0.3384,0.4168,0.1821,3.3838,0.6545,0.8182,0.2586,0.4549,0.1784,2.8051,0.8642,Cretaceous,Mesozoic,Mosasauroidea,Mosasauroidea,Amniotes
Halisaurus sternbergii,81.8,0.3854,1.3415,0.4648,0.7,0.4023,0.3164,0.1918,3.973,0.713,1.0999,0.5622,0.2688,0.1588,2.884,1.0587,Cretaceous,Mesozoic,Mosasauroidea,Mosasauroidea,Amniotes
Clidastes prophyton,136,0.1654,1.0735,0.368,0.8027,0.9027,0.2388,0.1687,1.4213,0.7663,0.8742,0.5804,0.1905,0.1134,1.6078,2.5034,Cretaceous,Mesozoic,Mosasauroidea,Mosasauroidea,Amniotes
Mosasaurus lemonnieri,246.48,0.224,1.299,0.308,0.766,0.961,0.286,0.207,2.246,0.713,1.018,0.76,0.274,0.197,2.709,1.324,Cretaceous,Mesozoic,Mosasauroidea,Mosasauroidea,Amniotes
Plotosaurus bennisoni,130,0.232,1.598,0.373,0.812,1.178,0.343,0.275,4.549,0.65,0.9,0.72,0.336,0.262,4.166,1.012,Cretaceous,Mesozoic,Mosasauroidea,Mosasauroidea,Amniotes
Platecarpus tympaniticus,175.11,0.199,1.661,0.313,0.726,0.949,0.37,0.261,2.251,0.715,1.001,0.677,0.376,0.249,2.185,1.064,Cretaceous,Mesozoic,Mosasauroidea,Mosasauroidea,Amniotes
Tylosaurus proriger ,254.5,0.203,1.627,0.469,0.726,0.647,0.394,0.259,3.548,0.679,1.085,0.662,0.394,0.257,3.189,0.907,Cretaceous,Mesozoic,Mosasauroidea,Mosasauroidea,Amniotes
Jeholochelys lingyuanensis,11.342,0.3156,1.5478,0.2957,0.5682,0.319,0.9458,0.4223,3.5906,0.5658,0.9142,0.2168,1.0558,0.4757,2.5814,0.5668,Cretaceous,Mesozoic,Pantestudines,Pantestudines,Amniotes
Ordosemys liaoxiensis,17.2,0.521,1.4186,0.2587,0.5567,0.3857,0.8808,0.3842,2.4236,0.6644,0.9403,0.3404,0.999,0.4429,3.1173,0.968,Cretaceous,Mesozoic,Pantestudines,Pantestudines,Amniotes
Hoyasemys jimenezi,3.6535,0.5935,1.27,0.3523,0.646,0.3832,0.8989,0.4174,3.4919,0.8092,0.9596,0.2531,1.0246,0.4492,3.6049,0.8916,Cretaceous,Mesozoic,Pantestudines,Pantestudines,Amniotes
Protostega gigas,68,0.4587,0.6618,0.5441,0.5758,0.4242,1.5588,0.8088,2.5135,0.7407,1.2222,0.2455,1.25,0.5875,1.7626,1.3292,Cretaceous,Mesozoic,Pantestudines,Pantestudines,Amniotes
Archelon ischyros,150,0.48,0.4667,0.4,0.5385,0.5231,1.3962,0.7499,2.9716,0.7174,1.413,0.2283,0.9771,0.4745,1.7923,1.5062,Cretaceous,Mesozoic,Pantestudines,Pantestudines,Amniotes
Rhinochelys nammourensis,21.5,0.4295,0.5256,0.4389,0.7589,0.55,0.7907,0.4555,3.301,0.6064,1.0863,0.2382,0.6512,0.3442,2.326,1.2339,Cretaceous,Mesozoic,Pantestudines,Pantestudines,Amniotes
Toxochelys latiremis,31.3,0.5574,0.5751,0.2713,0.5556,0.3606,0.9536,0.4687,2.2119,0.6491,1.0255,0.1922,0.9109,0.4201,2.3362,1.3148,Cretaceous,Mesozoic,Pantestudines,Pantestudines,Amniotes