Taxon,Trunk,Lower jaw ratio,Neck ratio,Tail ratio,Brachial ind.,Crural ind.,Fore/hind ratio,Humeral flare,Femoral flare,Forelimb ratio,Hindlimb ratio,Manus ratio,Pes ratio,Manus AR,Pes AR,Manus/pes ratio,Time,Group_1,Time_2,Time_3,Dim.1,Dim.2,Dim.3,Dim.4,Dim.5,Group_1,Group_2
Albertonectes vanderveldei,188,0.246,3.723,1.29,0.313,0.245,1.053,0.565,0.589,0.741,0.717,0.471,0.467,5.069,5.16,1.039,Cretaceous,Sauropterygia,Late_Cretaceous,Ladinian-EndCretaceous,3.891881517,1.793727006,0.109187501,1.11657284,-2.22328461,Sauropterygia,Elasmosauridae
Archaeonectrus rostratus,95.6,0.649,0.941,1.237,0.319,0.316,0.975,0.399,0.471,0.694,0.805,0.366,0.449,4.347,5.244,0.801,Jurassic,Sauropterygia,Early_Jurassic,Ladinian-EndCretaceous,2.23451966,0.616325223,-1.222725006,0.104214477,0.487742212,Sauropterygia,Basal_plesiosauroidea
Atopodentatus unicus,78.5785,0.1527,0.4506,1.7333,0.3778,0.6163,1.3081,0.2844,0.1971,0.5599,0.5409,0.1794,0.2241,2.48,2.9805,0.7708,Triassic,Sauropterygia,Mid_Triassic,Induan-Anisian,-0.672867236,-1.157674562,0.294994578,-0.406395863,-1.391633397,Sauropterygia,NA
Attenborosaurus conybeari,125.6,0.422,1.539,1.339,0.38,0.298,1,0.432,0.419,0.885,0.81,0.467,0.433,4.118,3.135,0.885,Jurassic,Sauropterygia,Early_Jurassic,Ladinian-EndCretaceous,2.427546055,0.410187869,-0.0062566,-0.636372964,-0.513689185,Sauropterygia,Pliosauridae
Atychodracon megacephalus,124.41,0.661,1.094,1.321,0.399,0.344,0.953,0.543,0.465,0.822,0.91,0.438,0.554,5.126,5.599,0.681,Jurassic,Sauropterygia,Early_Jurassic,Ladinian-EndCretaceous,3.11316812,0.955653265,-0.741481249,0.586406897,1.044232411,Sauropterygia,Basal_plesiosauroidea
Stenorhynchosaurus munozi,145,0.78,0.483,1.063,0.079,0.082,0.812,0.33,0.293,1.113,1.213,0.62,0.61,5.934,5.94,1.036,Cretaceous,Sauropterygia,Late_Cretaceous,Ladinian-EndCretaceous,5.294834256,1.151990385,-2.027765982,-0.968360214,1.604296259,Sauropterygia,Pliosauridae
Brancasaurus brancai,75.9,0.395,1.818,0.997,NA,0.243,1.093,0.545,0.577,NA,NA,NA,NA,NA,NA,NA,Cretaceous,Sauropterygia,Early_Cretaceous,Ladinian-EndCretaceous,NA,NA,NA,NA,NA,NA,NA
Ceresiosaurus calcagnii,54.5,0.385,0.747,1.67,0.456,0.521,1.45,0.245,0.192,0.647,0.582,0.201,0.259,2.364,3.389,0.864,Triassic,Sauropterygia,Mid_Triassic,Ladinian-EndCretaceous,-0.352603877,-1.069523031,0.047169368,-0.824398071,-0.650678095,Sauropterygia,Nothosauroidea
Cryptoclidus eurymerus,99,0.36,1.091,0.926,0.232,0.275,0.79,0.639,0.74,0.949,1.021,0.601,0.566,4.287,4.285,1.128,Jurassic,Sauropterygia,Mid_Jurassic,Ladinian-EndCretaceous,3.664631868,1.468451119,0.360345832,-0.403938641,-0.070144045,Sauropterygia,Criptoclididae
Diandongosaurus acutidentatus,7.77,0.367,0.933,1.615,0.544,0.522,0.735,0.254,0.222,0.563,0.834,0.198,0.337,2.487,2.652,0.369,Triassic,Sauropterygia,Mid_Triassic,Induan-Anisian,0.199720803,-2.29756513,-0.258417137,-0.356602926,-0.744888371,Sauropterygia,Basal_eosauropterygia
Dianmeisaurus gracilis,6.64,0.353,0.891,1.981,0.576,0.446,0.817,0.307,0.132,0.576,0.636,0.196,0.233,2.427,2.514,0.734,Triassic,Sauropterygia,Mid_Triassic,Induan-Anisian,-0.448317781,-2.207017064,-0.478812884,-0.46812253,-0.875584315,Sauropterygia,Basal_eosauropterygia
Dianopachysaurus dingi,3.75,0.712,1.084,0.964,0.5,0.429,0.714,0.364,0.186,NA,0.813,NA,0.281,NA,2.454,NA,Triassic,Sauropterygia,Mid_Triassic,Induan-Anisian,NA,NA,NA,NA,NA,NA,NA
Dolichorhynchops osborni,91.8,0.61,0.558,0.826,0.107,0.148,1.018,0.5,0.567,0.886,0.913,0.48,0.5,3.635,3.4,0.863,Cretaceous,Sauropterygia,Late_Cretaceous,Ladinian-EndCretaceous,2.708973915,1.224871292,-0.932537696,-1.680405076,0.259057284,Sauropterygia,Leptocleidia
Glyphoderma kangi,26.4,0.423,0.22,1.836,0.622,0.841,1.117,0.303,0.328,0.625,NA,0.225,NA,NA,NA,NA,Triassic,Sauropterygia,Late_Triassic,Ladinian-EndCretaceous,NA,NA,NA,NA,NA,NA,NA
Hauffiosaurus zanoni,82,0.524,1.134,1.165,0.302,0.284,0.925,0.391,0.36,0.995,0.949,0.498,0.435,4.452,3.344,0.984,Jurassic,Sauropterygia,Early_Jurassic,Ladinian-EndCretaceous,2.895059092,0.194781857,-0.343846447,-1.197946219,0.166931837,Sauropterygia,Pliosauridae
Henodus chelyops,57,0.254,0.249,0.605,0.527,0.673,0.921,0.432,0.465,NA,NA,NA,NA,NA,NA,NA,Triassic,Sauropterygia,Late_Triassic,Ladinian-EndCretaceous,NA,NA,NA,NA,NA,NA,NA
Hydrotherosaurus alexandrae,140,0.336,3.179,0.829,0.282,0.25,1.083,0.692,0.658,1.07,1.119,0.849,0.798,6.881,6.659,1.095,Cretaceous,Sauropterygia,Late_Cretaceous,Ladinian-EndCretaceous,6.926212357,2.686034461,1.261190903,0.844353525,-0.089647343,Sauropterygia,Elasmosauridae
Keichousaurus hui,5.7,0.453,1.196,2.071,0.487,0.357,1.183,0.252,0.135,0.816,0.7,0.247,0.282,2.009,1.876,0.715,Triassic,Sauropterygia,Late_Triassic,Ladinian-EndCretaceous,0.102698462,-1.950095994,-0.199494737,-1.742614997,-0.544053753,Sauropterygia,Pachypleurosauria
Kronosaurus boyacensis,282.5,0.857,0.393,1.064,0.15,0.128,0.818,0.402,0.41,0.651,0.685,0.371,0.401,5.577,6.333,0.974,Cretaceous,Sauropterygia,Early_Cretaceous,Ladinian-EndCretaceous,2.82852976,2.287450731,-3.335508882,0.749767876,0.697864567,Sauropterygia,Pliosauridae
Lariosaurus balsami,26,0.406,0.665,1.252,0.521,0.465,0.79,0.278,0.146,0.523,0.689,0.165,0.215,2.248,3.032,0.793,Triassic,Sauropterygia,Mid_Triassic,Ladinian-EndCretaceous,-0.421714718,-1.843478379,-0.753833184,-0.527982942,-1.062175601,Sauropterygia,Nothosauroidea
Lariosaurus valceresii,27.6,0.395,0.811,1.264,0.486,0.455,0.955,0.234,0.12,0.519,0.527,0.171,0.171,2.636,2.426,0.915,Triassic,Sauropterygia,Mid_Triassic,Ladinian-EndCretaceous,-0.702223811,-1.581315665,-0.695182312,-0.83441837,-1.275616452,Sauropterygia,Nothosauroidea
Lariosaurus xingyiensis,48.12,0.397,0.558,0.714,0.53,0.437,0.758,0.309,0.186,0.352,0.465,0.138,0.168,2.746,2.692,0.662,Triassic,Sauropterygia,Late_Triassic,Ladinian-EndCretaceous,-0.987862227,-1.196953302,-0.977518207,-0.206707085,-1.580887717,Sauropterygia,Nothosauroidea
Libonectes atlasense,135,0.333,2.963,1.074,0.367,0.34,0.978,0.997,0.765,0.991,0.945,0.715,0.661,5.145,5.409,1.229,Cretaceous,Sauropterygia,Late_Cretaceous,Ladinian-EndCretaceous,4.838049029,2.644031734,1.466087959,0.859211062,-0.333245534,Sauropterygia,Elasmosauridae
Liopleurodon ferox,181,0.657,0.406,0.58,0.163,0.175,0.75,0.551,0.538,0.591,0.785,0.337,0.453,4.592,5.998,0.723,Jurassic,Sauropterygia,Mid_Jurassic,Ladinian-EndCretaceous,2.560492429,1.847800289,-2.263699268,0.570991176,0.013092325,Sauropterygia,Pliosauridae
Meyerasaurus victor,92.71,0.448,0.878,1.194,0.34,0.313,1.079,0.476,0.433,1.324,1.238,0.698,0.692,4.477,4.438,1.011,Jurassic,Sauropterygia,Early_Jurassic,Ladinian-EndCretaceous,4.734879134,0.535903034,1.047660372,-1.300195589,1.122414288,Sauropterygia,Basal_plesiosauroidea
Microcleidus brachypterygius,59.97,0.36,2.255,1.719,0.362,0.379,1.046,0.488,0.5,1.197,1.232,0.657,0.706,4.501,4.967,0.955,Jurassic,Sauropterygia,Early_Jurassic,Ladinian-EndCretaceous,5.020900967,0.158921527,1.26781385,-0.435004975,0.455512082,Sauropterygia,Microcleididae
Morenosaurus stocki,200,0.246,1.735,0.815,0.31,0.267,1.039,0.757,0.728,0.692,0.669,0.466,0.452,4.937,4.821,1.041,Cretaceous,Sauropterygia,Late_Cretaceous,Ladinian-EndCretaceous,2.732564596,2.594975916,0.23640144,1.005997475,-1.380253349,Sauropterygia,Elasmosauridae
Muraenosaurus leedsii ,140.7,0.291,1.41,0.999,0.308,0.237,1.061,0.606,0.547,0.628,0.607,0.374,0.384,4.569,5.001,1.038,Jurassic,Sauropterygia,Mid_Jurassic,Ladinian-EndCretaceous,2.057411463,1.616965509,-0.409989591,0.654784709,-1.316877145,Sauropterygia,Criptoclididae
Neusticosaurus edwardsii,27.8,0.243,0.546,1.977,0.55,0.573,1.705,0.243,0.247,0.471,0.553,0.204,0.287,3.254,3.859,0.596,Triassic,Sauropterygia,Mid_Triassic,Ladinian-EndCretaceous,-0.631520558,-1.017324354,0.718676912,-0.000572728,-0.509699147,Sauropterygia,Pachypleurosauria
Neusticosaurus peyeri,8.1,0.406,0.642,2.284,0.505,0.511,1.145,0.322,0.154,0.619,0.658,0.176,0.269,2.637,3.88,0.629,Triassic,Sauropterygia,Mid_Triassic,Ladinian-EndCretaceous,-0.255944451,-1.819887115,-0.436516586,-0.186973116,-0.110405887,Sauropterygia,Pachypleurosauria
Neusticosaurus pusillus,8.3,0.349,0.639,1.789,0.548,0.492,0.995,0.342,0.124,0.575,0.641,0.204,0.272,3.83,3.445,0.505,Triassic,Sauropterygia,Mid_Triassic,Ladinian-EndCretaceous,0.040373837,-1.620955089,-0.317564183,0.074631036,-0.403983428,Sauropterygia,Pachypleurosauria
Nichollssaura borealis,67.2,0.458,1.027,1.135,0.191,0.19,0.975,0.564,0.55,0.804,0.841,0.441,0.461,4.096,4.544,1.014,Cretaceous,Sauropterygia,Early_Cretaceous,Ladinian-EndCretaceous,2.676763851,1.047485222,-0.690574788,-0.578296514,-0.222886655,Sauropterygia,Leptocleidia
Nothosaurus giganteus,103,0.558,0.65,1.49,0.506,0.485,0.94,0.249,0.206,0.545,0.589,0.2,0.22,2.072,2.407,0.962,Triassic,Sauropterygia,Late_Triassic,Ladinian-EndCretaceous,-0.69867164,-1.20921511,-0.96867792,-0.782033691,-0.5735591,Sauropterygia,Nothosauroidea
Nothosaurus youngi,43.5,0.474,0.647,1.271,0.558,0.496,0.909,0.309,0.134,0.513,0.663,0.207,0.247,1.82,2.594,0.999,Triassic,Sauropterygia,Late_Triassic,Ladinian-EndCretaceous,-0.669117616,-1.669546099,-0.522230555,-0.848952688,-0.778775674,Sauropterygia,Nothosauroidea
Paraplacodus broilii,30.5,0.416,0.295,2.836,0.642,0.706,1.148,0.356,0.229,0.804,0.777,0.283,0.311,2.166,2.718,1.035,Triassic,Sauropterygia,Mid_Triassic,Induan-Anisian,-0.533585894,-2.131546541,0.684356632,-0.502958115,0.909042002,Sauropterygia,Placodontia
Peloneustes philarchus,135,0.589,0.459,0.996,0.197,0.201,0.864,0.553,0.443,0.696,0.822,0.363,0.43,3.945,5.211,0.943,Jurassic,Sauropterygia,Mid_Jurassic,Ladinian-EndCretaceous,2.247224982,1.137636862,-1.675457591,-0.136017857,0.046423242,Sauropterygia,Pliosauridae
Placodus gigas,70.7,0.258,0.194,2.314,NA,0.689,NA,NA,0.221,NA,0.509,0.232,0.174,NA,NA,NA,Triassic,Sauropterygia,Mid_Triassic,Ladinian-EndCretaceous,NA,NA,NA,NA,NA,NA,NA
Placodus inexpectatus,60,0.3,0.18,1.838,0.556,0.711,1.052,0.303,0.259,0.567,0.672,0.177,0.258,2.149,2.513,0.553,Triassic,Sauropterygia,Mid_Triassic,Induan-Anisian,-1.012197177,-1.808408341,0.400237764,-0.21124693,-0.443272558,Sauropterygia,Placodontia
Plesiopterys wildi,53,0.279,1.632,1.415,0.37,0.306,0.994,0.524,0.512,0.923,0.934,0.485,0.484,4.19,4.169,0.997,Jurassic,Sauropterygia,Early_Jurassic,Ladinian-EndCretaceous,2.968026333,0.292454706,0.596588828,-0.303379637,-0.549321591,Sauropterygia,Microcleididae
Plesiosaurus sp,87.73,0.247,1.345,0.877,0.428,0.409,1.017,0.493,0.531,0.734,0.703,0.421,0.41,4.624,4.575,1.045,Jurassic,Sauropterygia,Early_Jurassic,Ladinian-EndCretaceous,2.104635608,0.787510229,0.570274993,0.456973347,-0.958344099,Sauropterygia,Basal_plesiosauroidea
Polycotylus latipinnis,126.67,0.537,0.987,1.021,0.135,0.126,0.95,0.593,0.531,1.045,0.961,0.618,0.542,5.077,4.519,1.159,Cretaceous,Sauropterygia,Late_Cretaceous,Ladinian-EndCretaceous,4.117145785,1.816102159,-0.639630772,-0.93823394,0.429933098,Sauropterygia,Leptocleidia
Psephochelys polyosteoderma,21.4,0.41,0.16,2.029,0.528,0.844,1.178,0.112,0.4,0.634,0.733,0.233,0.353,2.263,2.372,0.457,Triassic,Sauropterygia,Late_Triassic,Ladinian-EndCretaceous,-0.682168965,-2.058059893,0.799916919,-0.55959281,0.529978481,Sauropterygia,Placodontia
Psephoderma alpinum,49.2,0.419,0.201,2.27,0.359,0.827,1.028,0.668,0.336,0.584,0.678,0.187,0.308,1.851,2.268,0.451,Triassic,Sauropterygia,Late_Triassic,Ladinian-EndCretaceous,-1.05827095,-1.183771466,0.257281066,-0.282610364,0.401069792,Sauropterygia,Placodontia
Rhomaleosaurus cramptoni,205.2,0.536,0.848,0.845,0.308,0.336,0.97,0.481,0.462,0.793,0.838,0.423,0.49,4.403,5.161,0.875,Jurassic,Sauropterygia,Early_Jurassic,Ladinian-EndCretaceous,2.749412052,1.387241758,-0.771184267,0.280404552,-0.030036422,Sauropterygia,Basal_plesiosauroidea
Seeleyosaurus guilelmiimperatoris,84,0.248,1.607,1.528,0.375,0.379,1.057,0.479,0.479,0.942,1.033,0.484,0.595,2.688,3.845,0.946,Jurassic,Sauropterygia,Early_Jurassic,Ladinian-EndCretaceous,2.928690834,-0.213149666,1.013108077,-0.696549061,-0.673482532,Sauropterygia,Microcleididae
Serpianosaurus mirigiolensis,14.7,0.477,0.628,2.286,0.587,0.558,1.063,0.335,0.161,0.541,0.574,0.164,0.246,3.025,3.413,0.503,Triassic,Sauropterygia,Mid_Triassic,Ladinian-EndCretaceous,-0.695570533,-1.826070254,-0.537917501,0.112792757,0.136534468,Sauropterygia,Pachypleurosauria
Sinocyamodus xinpuensis,39,0.372,0.256,1.338,0.613,0.741,0.957,0.342,0.181,0.64,0.766,0.2,0.276,1.683,1.981,0.616,Triassic,Sauropterygia,Late_Triassic,Ladinian-EndCretaceous,-0.936756384,-2.10163845,0.667349575,-0.775955459,-0.369818823,Sauropterygia,Placodontia
Styxosaurus sp,210,0.21,2.762,0.648,0.329,0.288,1.041,0.697,0.671,0.79,0.824,0.571,0.61,5.868,6.854,1.026,Cretaceous,Sauropterygia,Late_Cretaceous,Ladinian-EndCretaceous,4.799065131,2.727065784,0.607195476,1.809750228,-1.468677074,Sauropterygia,Elasmosauridae
Thalassiodracon hawkinsii,41.62,0.458,1.447,1.569,0.341,0.332,0.99,0.472,0.421,1.046,1.103,0.596,0.627,5.301,5.117,0.872,Jurassic,Sauropterygia,Early_Jurassic,Ladinian-EndCretaceous,4.313330075,0.249590829,0.342625112,-0.277108366,0.882405485,Sauropterygia,Pliosauridae
Thalassomedon haningtoni,308,0.156,1.977,0.396,0.295,0.261,1,0.659,0.584,0.537,0.52,0.369,0.349,5.081,5.129,1.125,Cretaceous,Sauropterygia,Late_Cretaceous,Ladinian-EndCretaceous,2.380525037,2.898470384,-0.387411319,1.622490862,-2.734863885,Sauropterygia,Elasmosauridae
Wangosaurus brevirostris,56.4,0.474,1.508,1.863,0.56,0.39,0.96,0.319,0.13,0.693,0.773,0.234,0.303,2.205,2.744,0.74,Triassic,Sauropterygia,Mid_Triassic,Ladinian-EndCretaceous,0.418721919,-1.756925552,-0.491638351,-0.766781499,-0.759740793,Sauropterygia,Pistosauroidea
Wumengosaurus delicatomandibularis,30.9,0.303,0.462,1.87,0.557,0.505,0.972,0.341,0.672,0.465,0.517,0.163,0.217,2.558,3.768,0.829,Triassic,Sauropterygia,Mid_Triassic,Induan-Anisian,-0.954760003,-0.682306219,-0.074443798,0.637509246,-0.673754314,Sauropterygia,Basal_eosauropterygia
Yunguisaurus liae,85.6,0.312,1.521,1.923,0.564,0.588,1.081,0.311,0.333,0.729,0.928,0.313,0.55,3.003,4.124,0.445,Triassic,Sauropterygia,Late_Triassic,Ladinian-EndCretaceous,1.74868885,-1.320884482,0.768371817,0.37559628,-0.324429154,Sauropterygia,Pistosauroidea
Barracudasauroides panxianensis,34.97,0.563,0.061,1.123,0.644,0.751,1.533,0.731,0.786,0.341,0.208,0.211,0.129,2.315,2.455,2.836,Triassic,Ichthyosauromorpha,Mid_Triassic,Induan-Anisian,-3.14249515,1.457680227,1.018425837,-0.269768649,0.406371404,Ichthyosauromorpha,Early_intermediate
Besanosaurus leptorhynchus,172.4,0.296,0.07,1.616,0.708,0.831,1.157,1.052,0.819,0.406,0.348,0.273,0.229,4.563,4.239,1.315,Triassic,Ichthyosauromorpha,Mid_Triassic,Ladinian-EndCretaceous,-1.421255095,2.151435004,1.366111491,2.611505741,0.407805141,Ichthyosauromorpha,Late_intermediate
Cartorhynchus lenticarpus,10,0.554,0.142,2.9,0.744,0.859,1.604,0.821,0.678,0.48,0.291,0.282,0.15,2.809,2.419,3.045,Triassic,Ichthyosauromorpha,Early_Triassic,Induan-Anisian,-3.080038008,0.591783549,1.409052524,0.135586581,1.772382011,Ichthyosauromorpha,Basal
Caypullysaurus bonapartei,273.1,0.5397,0.1665,1.1206,0.3048,0.3343,1.424,0.6721,0.5404,0.3003,0.1156,0.2234,0.0573,3.717,1.3394,5.4762,Cretaceous,Ichthyosauromorpha,Early_Cretaceous,Ladinian-EndCretaceous,-2.358629004,3.425394764,-1.371225469,-1.201668542,-1.181076493,Ichthyosauromorpha,Ophthalmosauridae
Chaohusaurus brevifemoralis,31.28,0.366,0.049,1.256,0.935,1.211,1.561,0.677,0.69,0.309,0.261,0.185,0.156,2.445,2.77,1.598,Triassic,Ichthyosauromorpha,Early_Triassic,Induan-Anisian,-3.647245907,0.093182116,2.866214334,1.215967967,0.612347189,Ichthyosauromorpha,Basal
Chaohusaurus chaoxianensis,17.5,0.529,0.115,1.698,0.935,1.035,1.479,0.712,0.691,0.398,0.309,0.213,0.183,2.668,3.21,1.629,Triassic,Ichthyosauromorpha,Early_Triassic,Induan-Anisian,-3.108779761,0.137999092,2.074975299,1.113400658,1.336210517,Ichthyosauromorpha,Basal
Cryopterygius kristiansenae,207.8,0.669,0.079,0.931,0.29,0.268,1.384,0.716,0.741,0.232,0.118,0.15,0.048,2.577,1.355,5.163,Jurassic,Ichthyosauromorpha,Late_Jurassic,Ladinian-EndCretaceous,-2.946986642,3.382497816,-1.681300085,-1.508625431,-0.975786015,Ichthyosauromorpha,Ophthalmosauridae
Eretmophis carroldongi,30.115,0.2047,0.1783,1.9431,0.8187,0.7696,1.5935,0.6886,0.6163,0.4888,0.3307,0.2379,0.1854,1.4742,1.4706,1.6432,Triassic,Ichthyosauromorpha,Early_Triassic,Induan-Anisian,-3.03493148,-0.212592662,2.445427537,-0.184494217,-0.323637126,Ichthyosauromorpha,Hupehsuchia
Eurhinosaurus longirostris,160.9,0.426,0.055,1.787,0.52,0.43,1.34,0.917,0.834,0.513,0.423,0.362,0.315,3.609,5.642,2.061,Jurassic,Ichthyosauromorpha,Early_Jurassic,Ladinian-EndCretaceous,-0.239603432,2.651653698,0.177944592,1.434242722,0.519787495,Ichthyosauromorpha,Early_Jurassic_Neoichthyosauria
Excalibosaurus costini,144.64,0.684,0.104,2.127,0.531,0.372,1.409,0.965,0.788,0.512,0.209,0.368,0.12,3.826,2.037,5.028,Jurassic,Ichthyosauromorpha,Early_Jurassic,Ladinian-EndCretaceous,-2.147351294,3.22315213,-0.371020475,-0.704404701,1.012670687,Ichthyosauromorpha,Early_Jurassic_Neoichthyosauria
Guanlingsaurus lingae,262.5,0.286,0.143,1.032,0.624,0.804,1.388,0.956,0.89,0.431,0.305,0.304,0.212,4.086,4.883,2.458,Triassic,Ichthyosauromorpha,Late_Triassic,Ladinian-EndCretaceous,-1.249212283,3.34087648,1.377991164,2.238119154,-0.227335138,Ichthyosauromorpha,Late_intermediate
Guizhouichthyosaurus tangae,175.1,0.456,0.136,1.401,0.64,0.667,1.171,0.965,0.747,0.517,0.443,0.39,0.351,5.093,6.397,1.551,Triassic,Ichthyosauromorpha,Late_Triassic,Ladinian-EndCretaceous,0.275430732,2.61108289,0.620950074,2.604631524,1.064707897,Ichthyosauromorpha,Late_intermediate
Hauffiopteryx typicus,60,0.642,0.077,1.376,0.459,0.382,1.516,0.868,0.722,0.371,0.142,0.238,0.073,3.005,1.476,5.27,Jurassic,Ichthyosauromorpha,Early_Jurassic,Ladinian-EndCretaceous,-3.030872268,2.720056763,-0.362730999,-1.584273893,0.137677266,Ichthyosauromorpha,Early_Jurassic_Neoichthyosauria
Hupehsuchus nanchangensis,23.6395,0.5021,0.2423,1.7386,0.9673,0.8536,1.3644,0.7523,0.5412,0.1132,0.3126,0.2601,0.1813,1.5515,1.8249,2.4203,Triassic,Ichthyosauromorpha,Mid_Triassic,Ladinian-EndCretaceous,-3.759088723,-0.16496683,1.578855294,0.356825818,0.483418315,Ichthyosauromorpha,Hupehsuchia
Ichthyosaurus communis   ,63.8,0.831,0.188,1.426,0.355,0.267,1.216,0.82,0.612,0.421,0.254,0.286,0.135,2.533,1.957,3.479,Jurassic,Ichthyosauromorpha,Early_Jurassic,Ladinian-EndCretaceous,-1.956780304,2.043268036,-1.508945709,-1.609625466,0.552239207,Ichthyosauromorpha,Early_Jurassic_Neoichthyosauria
Ichthyosaurus larkini,65.74,0.557,0.12,1.394,0.364,0.224,1.387,0.662,0.541,0.409,0.229,0.254,0.133,3.215,2.539,2.865,Jurassic,Ichthyosauromorpha,Early_Jurassic,Ladinian-EndCretaceous,-1.620870629,1.718404902,-1.053021211,-1.122550961,-0.35822083,Ichthyosauromorpha,Early_Jurassic_Neoichthyosauria
Ichthyosaurus somersetensis,79.2,0.593,0.089,1.198,0.347,0.284,1.382,0.753,0.553,0.407,0.178,0.295,0.088,3.185,1.858,6.577,Jurassic,Ichthyosauromorpha,Early_Jurassic,Ladinian-EndCretaceous,-2.317717781,2.752284018,-0.952822347,-2.135990685,-0.376214287,Ichthyosauromorpha,Early_Jurassic_Neoichthyosauria
Leptonectes tenuirostris,69.53,0.811,0.077,1.483,0.479,0.367,1.332,0.851,0.604,0.707,0.281,0.509,0.161,4.451,1.683,3.757,Jurassic,Ichthyosauromorpha,Early_Jurassic,Ladinian-EndCretaceous,-1.010298724,2.577323609,-0.263470527,-1.599468107,1.613135084,Ichthyosauromorpha,Early_Jurassic_Neoichthyosauria
Mixosaurus cornalianus,27.3,0.675,0.092,1.328,0.617,0.794,2.012,0.734,0.85,0.377,0.213,0.22,0.13,2.176,2.21,3.306,Triassic,Ichthyosauromorpha,Mid_Triassic,Ladinian-EndCretaceous,-3.50677827,2.005546019,1.431562916,-0.927869666,1.08658806,Ichthyosauromorpha,Early_intermediate
Mixosaurus xindianensis,37.33,0.597,0.077,0.921,0.597,0.738,1.884,0.725,0.802,0.354,0.188,0.207,0.106,2.249,1.745,2.987,Triassic,Ichthyosauromorpha,Mid_Triassic,Ladinian-EndCretaceous,-3.462644262,1.942793503,1.336558812,-1.010403683,0.394050773,Ichthyosauromorpha,Early_intermediate
Ophthalmosaurus icenicus,170.29,0.599,0.059,0.913,0.365,0.398,1.624,0.932,0.713,0.32,0.139,0.194,0.066,1.354,1.729,11.08,Jurassic,Ichthyosauromorpha,Late_Jurassic,Ladinian-EndCretaceous,-3.938777363,4.409570468,-0.568980816,-2.952569718,-0.933453195,Ichthyosauromorpha,Ophthalmosauridae
Phalarodon atavus,24.72,0.576,0.121,0.993,0.848,0.76,1.476,0.993,0.771,0.317,0.194,0.176,0.112,2.013,2.016,2.495,Triassic,Ichthyosauromorpha,Mid_Triassic,Ladinian-EndCretaceous,-3.790357953,1.432289306,1.528488533,0.119301787,0.467135243,Ichthyosauromorpha,Early_intermediate
Platypterygius hercynicus,162.4,0.69,0.139,1.121,0.212,0.232,1.674,0.831,0.522,0.322,0.103,0.237,0.05,2.41,1.291,11.868,Cretaceous,Ichthyosauromorpha,Early_Cretaceous,Ladinian-EndCretaceous,-3.44929137,4.557614241,-1.589461548,-3.792982014,-0.816248404,Ichthyosauromorpha,Ophthalmosauridae
Qianichthyosaurus zhoui,53.2,0.504,0.111,1.47,0.666,0.627,0.956,0.668,0.702,0.597,0.465,0.403,0.269,6.037,3.439,1.274,Triassic,Ichthyosauromorpha,Late_Triassic,Ladinian-EndCretaceous,-0.059289523,1.139738612,0.581648013,1.197426752,1.296225469,Ichthyosauromorpha,Late_intermediate
Shonisaurus popularis,396,0.694,0.218,1.398,0.6,0.623,1.159,0.875,0.957,0.48,0.498,0.318,0.351,5.345,5.615,0.863,Triassic,Ichthyosauromorpha,Late_Triassic,Ladinian-EndCretaceous,0.361957157,3.877101868,-0.47134536,3.123376887,1.232016908,Ichthyosauromorpha,Late_intermediate
Stenopterygius quadriscissus,88.2,0.58,0.119,1.47,0.373,0.303,1.319,0.751,0.534,0.406,0.205,0.272,0.098,3.153,2.241,5.539,Jurassic,Ichthyosauromorpha,Early_Jurassic,Ladinian-EndCretaceous,-2.156721611,2.326065126,-1.044972957,-1.554587384,-0.280304489,Ichthyosauromorpha,Early_Jurassic_Neoichthyosauria
Stenopterygius triscissus,102,0.623,0.073,1.379,0.429,0.853,1.52,0.813,0.456,0.373,0.105,0.248,0.152,5.722,6.087,2.834,Jurassic,Ichthyosauromorpha,Early_Jurassic,Ladinian-EndCretaceous,-1.256858065,2.470734109,-0.274287795,1.642138356,1.271820689,Ichthyosauromorpha,Early_Jurassic_Neoichthyosauria
Stenopterygius uniter,109.2,0.638,0.102,1.445,0.365,0.329,1.442,0.791,0.675,0.549,0.296,0.402,0.199,3.857,4.024,4.301,Jurassic,Ichthyosauromorpha,Early_Jurassic,Ladinian-EndCretaceous,-0.772369429,2.997856998,-0.646693001,-0.724015408,0.64491523,Ichthyosauromorpha,Early_Jurassic_Neoichthyosauria
Suevoleviathan integer,105,0.848,0.068,2.098,0.404,0.379,1.326,0.836,0.743,0.57,0.429,0.414,0.304,2.291,3.227,2.618,Jurassic,Ichthyosauromorpha,Early_Jurassic,Ladinian-EndCretaceous,-0.9017552,2.064515389,-0.793810431,-0.866277026,1.724294081,Ichthyosauromorpha,Early_Jurassic_Neoichthyosauria
Temnodontosaurus trigonodon,235.4,0.667,0.088,1.792,0.446,0.386,1.158,0.92,0.719,0.448,0.345,0.314,0.246,4.416,4.854,1.802,Jurassic,Ichthyosauromorpha,Early_Jurassic,Ladinian-EndCretaceous,-0.392581649,2.986515743,-1.23720405,1.446636695,0.844166616,Ichthyosauromorpha,Early_Jurassic_Neoichthyosauria
Utatsusaurus hataii,57.5,0.403,0.112,1.549,0.875,0.866,1.039,0.537,0.7,0.264,0.265,0.135,0.138,2.424,2.555,1.013,Triassic,Ichthyosauromorpha,Early_Triassic,Induan-Anisian,-3.126542841,-0.418554444,1.051914442,1.347567896,-0.025692277,Ichthyosauromorpha,Basal
Xinminosaurus catactes,92.4,0.314,0.06,1.089,0.757,0.818,1.273,0.557,0.585,0.29,0.244,0.152,0.134,3.941,3.362,1.099,Triassic,Ichthyosauromorpha,Mid_Triassic,Ladinian-EndCretaceous,-2.352172898,0.492234596,1.028246311,1.516847003,-0.38074396,Ichthyosauromorpha,Early_intermediate
Aigialosaurus bucchichi,32,0.4463,0.4499,2.2063,0.7778,0.6545,0.8182,0.3384,0.2586,0.4168,0.4549,0.1821,0.1784,3.3838,2.8051,0.8642,Cretaceous,Mosasauroidea,Late_Cretaceous,Ladinian-EndCretaceous,-1.532528081,-1.807525422,-0.246462601,0.790995319,0.104877091,Mosasauroidea,Aigialosauridae
Clidastes prophyton,136,0.368,0.1654,1.0735,0.8027,0.7663,0.8742,0.9027,0.5804,0.2388,0.1905,0.1687,0.1134,1.4213,1.6078,2.5034,Cretaceous,Mosasauroidea,Late_Cretaceous,Ladinian-EndCretaceous,-3.515918836,0.657632834,0.810285398,0.666205172,-0.970666768,Mosasauroidea,Mosasaurinae
Halisaurus sternbergii,81.8,0.4648,0.3854,1.3415,0.7,0.713,1.0999,0.4023,0.5622,0.3164,0.2688,0.1918,0.1588,3.973,2.884,1.0587,Cretaceous,Mosasauroidea,Late_Cretaceous,Ladinian-EndCretaceous,-1.848669339,0.087530158,0.195585619,1.012233753,-0.118533186,Mosasauroidea,Halisaurinae
Mosasaurus lemonnieri,246.48,0.308,0.224,1.299,0.766,0.713,1.018,0.961,0.76,0.286,0.274,0.207,0.197,2.246,2.709,1.324,Cretaceous,Mosasauroidea,Late_Cretaceous,Ladinian-EndCretaceous,-2.424190822,1.700688885,0.913818618,1.840142399,-0.866935781,Mosasauroidea,Mosasaurinae
Platecarpus tympaniticus,175.11,0.313,0.199,1.661,0.726,0.715,1.001,0.949,0.677,0.37,0.376,0.261,0.249,2.251,2.185,1.064,Cretaceous,Mosasauroidea,Late_Cretaceous,Ladinian-EndCretaceous,-2.061137986,0.936312244,1.090875096,1.248441069,-0.37670861,Mosasauroidea,Russellosaurinae
Plotosaurus bennisoni,130,0.373,0.232,1.598,0.812,0.65,0.9,1.178,0.72,0.343,0.336,0.275,0.262,4.549,4.166,1.012,Cretaceous,Mosasauroidea,Late_Cretaceous,Ladinian-EndCretaceous,-1.298968804,1.770156776,0.800215251,2.714289326,0.424935982,Mosasauroidea,Mosasaurinae
Tylosaurus proriger ,254.5,0.469,0.203,1.627,0.726,0.679,1.085,0.647,0.662,0.394,0.394,0.259,0.257,3.548,3.189,0.907,Cretaceous,Mosasauroidea,Late_Cretaceous,Ladinian-EndCretaceous,-1.292620893,1.272492796,0.262464467,1.72024482,0.102361855,Mosasauroidea,Russellosaurinae
Archelon ischyros,150,0.4,0.48,0.4667,0.5385,0.7174,1.413,0.5231,0.2283,1.3962,0.9771,0.7499,0.4745,2.9716,1.7923,1.5062,Cretaceous,Pantestudines,Late_Cretaceous,Ladinian-EndCretaceous,2.33028288,0.453433369,2.95692661,-2.455718505,0.755932398,Pantestudines,Panchelonioidea
Eorhynchochelys sinensis,45.9905,0.1957,0.3005,3.3015,0.6142,0.6303,0.8944,0.5,0.3247,0.7713,0.835,0.3196,0.338,2.3583,3.7349,1.4163,Triassic,Pantestudines,Late_Triassic,Ladinian-EndCretaceous,0.026251515,-1.90317377,0.653013789,0.435503457,0.414259267,Pantestudines,Basal_pantestudines
Eurysternum wagleri,23.45,0.232,0.473,0.796,0.726,0.358,0.727,0.486,0.305,0.644,0.925,0.25,0.353,1.522,1.943,0.637,Jurassic,Pantestudines,Late_Jurassic,Ladinian-EndCretaceous,-0.065971437,-1.726974398,0.748164177,-0.827002964,-1.375114856,Pantestudines,Basal_Cryptodira
Hoyasemys jimenezi,3.6535,0.3523,0.5935,1.27,0.646,0.8092,0.9596,0.3832,0.2531,0.8989,1.0246,0.4174,0.4492,3.4919,3.6049,0.8916,Cretaceous,Pantestudines,Early_Cretaceous,Ladinian-EndCretaceous,1.341994822,-1.629828259,1.684164928,-0.275279472,0.702139363,Pantestudines,Eucryptodira
Idiochelys fitzingeri,9,0.331,0.531,0.856,0.65,0.735,1.083,0.339,0.204,0.861,0.87,0.352,0.37,3.604,2.662,0.669,Jurassic,Pantestudines,Late_Jurassic,Ladinian-EndCretaceous,0.695705742,-1.482628152,1.607035459,-0.695031341,0.074956176,Pantestudines,Basal_Cryptodira
Jeholochelys lingyuanensis,11.342,0.2957,0.3156,1.5478,0.5682,0.5658,0.9142,0.319,0.2168,0.9458,1.0558,0.4223,0.4757,3.5906,2.5814,0.5668,Cretaceous,Pantestudines,Early_Cretaceous,Ladinian-EndCretaceous,1.638572095,-1.839351347,1.141454684,-0.927265061,0.39601232,Pantestudines,Eucryptodira
Odontochelys semitestacea,14.3,0.4465,0.5,1.3561,0.6315,0.6547,0.9488,0.4358,0.2157,0.7809,0.7973,0.2972,0.3153,1.8546,2.9687,1.4218,Triassic,Pantestudines,Late_Triassic,Ladinian-EndCretaceous,-0.175496824,-1.594673504,0.694552231,-0.893937828,0.098340856,Pantestudines,Basal_pantestudines
Ordosemys liaoxiensis,17.2,0.2587,0.521,1.4186,0.5567,0.6644,0.9403,0.3857,0.3404,0.8808,0.999,0.3842,0.4429,2.4236,3.1173,0.968,Cretaceous,Pantestudines,Early_Cretaceous,Ladinian-EndCretaceous,1.083658573,-1.57396584,1.428054664,-0.716364321,-0.027742912,Pantestudines,Eucryptodira
Platychelys oberndorferi,12.5,0.254,0.58,0.942,0.737,0.94,1.05,0.472,0.355,0.713,0.621,0.294,0.405,1.705,2.823,0.87,Jurassic,Pantestudines,Late_Jurassic,Ladinian-EndCretaceous,-0.630314627,-1.519386136,2.310397544,-0.102704925,-0.315901125,Pantestudines,Pleurodira
Proganochelys quenstedti,40.25,0.2385,0.3717,0.9491,0.6124,0.5882,0.8746,0.4068,0.3021,0.7795,0.9836,0.2137,0.3463,1.284,1.7136,0.5079,Triassic,Pantestudines,Late_Triassic,Ladinian-EndCretaceous,-0.14160029,-1.955888098,1.150651735,-1.121128818,-1.014110873,Pantestudines,Basal_pantestudines
Protostega gigas,68,0.5441,0.4587,0.6618,0.5758,0.7407,1.2222,0.4242,0.2455,1.5588,1.25,0.8088,0.5875,2.5135,1.7626,1.3292,Cretaceous,Pantestudines,Late_Cretaceous,Ladinian-EndCretaceous,3.096087942,-0.626574621,3.046607395,-3.052678548,1.832739854,Pantestudines,Panchelonioidea
Rhinochelys nammourensis,21.5,0.4389,0.4295,0.5256,0.7589,0.6064,1.0863,0.55,0.2382,0.7907,0.6512,0.4555,0.3442,3.301,2.326,1.2339,Cretaceous,Pantestudines,Late_Cretaceous,Ladinian-EndCretaceous,0.134638646,-0.486214506,1.57017722,-0.904792932,0.190518641,Pantestudines,Panchelonioidea
Toxochelys latiremis,31.3,0.2713,0.5574,0.5751,0.5556,0.6491,1.0255,0.3606,0.1922,0.9536,0.9109,0.4687,0.4201,2.2119,2.3362,1.3148,Cretaceous,Pantestudines,Late_Cretaceous,Ladinian-EndCretaceous,1.115938162,-1.269911825,1.779395795,-1.680056097,-0.503246161,Pantestudines,Panchelonioidea
Xinjiangchelys wusu,14.5,0.2069,0.4828,1.2742,0.5892,0.516,0.62,0.2985,0.2683,0.6072,0.81,0.2828,0.3034,1.8095,2.8681,1.3763,Jurassic,Pantestudines,Mid_Jurassic,Ladinian-EndCretaceous,-0.005371076,-2.021533541,0.299211831,-0.540583174,-1.237862097,Pantestudines,Basal_Cryptodira
Cricosaurus bambergensis,38.1,0.9131,0.2097,2.0869,0.545,0.2874,0.3298,0.375,0.1344,0.1983,0.5129,0.0847,0.2195,1.6711,4.6009,0.4105,Jurassic,Thalattosuchia,Late_Jurassic,Ladinian-EndCretaceous,-1.142968763,-1.935240107,-3.681847615,0.523397511,0.555367236,Thalattosuchia,Metriorhynchoidea
Cricosaurus suevicus,50,0.86,0.22,1.956,0.5,0.2833,0.25,0.7,0.125,0.1765,0.5368,0.096,0.222,2.2606,4.0813,0.3376,Jurassic,Thalattosuchia,Late_Jurassic,Ladinian-EndCretaceous,-1.072519406,-1.272507839,-3.506452185,0.743529865,0.449199506,Thalattosuchia,Metriorhynchoidea
Dakosaurus maximus,122.4,0.5397,0.1663,1.7746,0.5042,0.3206,0.2658,0.4497,0.15,0.179,0.4913,0.0932,0.2116,1.4754,3.3389,0.4385,Jurassic,Thalattosuchia,Late_Jurassic,Ladinian-EndCretaceous,-1.262926698,-1.617006432,-2.770015653,0.629062725,-1.104467392,Thalattosuchia,Metriorhynchoidea
Metriorhynchus superciliosus,86.6065,0.8729,0.3204,1.7782,0.3222,0.3353,0.3005,0.2368,0.1251,0.2117,0.6837,0.0908,0.2573,2.011,2.6951,0.167,Jurassic,Thalattosuchia,Late_Jurassic,Ladinian-EndCretaceous,-0.618466088,-1.947236732,-3.74802208,-0.404852389,0.046858362,Thalattosuchia,Metriorhynchoidea
Pelagosaurus typus,30.1185,0.9922,0.4067,2.6287,0.5999,0.5645,0.5895,0.1872,0.1209,0.4237,0.8424,0.0982,0.2952,3.4731,4.0697,0.1298,Jurassic,Thalattosuchia,Early_Jurassic,Ladinian-EndCretaceous,-0.285673569,-2.554676799,-2.722589742,0.544909872,2.056651648,Thalattosuchia,Teleosauroidea
Platysuchus multicrobiculatus,61.4685,0.9436,0.3265,2.3051,0.5795,0.6024,0.6819,0.1602,0.1448,0.486,0.8663,0.1405,0.3361,3.0746,2.732,0.1553,Jurassic,Thalattosuchia,Early_Jurassic,Ladinian-EndCretaceous,-0.34040431,-2.40226033,-2.093476015,-0.186592475,1.777799928,Thalattosuchia,Teleosauroidea
Steneosaurus bollensis,92.063,0.978,0.408,2.52,0.573,0.748,0.655,0.221,0.169,0.475,0.862,0.119,0.311,3.541,3.336,0.139,Jurassic,Thalattosuchia,Early_Jurassic,Ladinian-EndCretaceous,-0.36270459,-2.170250198,-2.127264847,0.542163183,2.150249447,Thalattosuchia,Teleosauroidea
Anshunsaurus huangguoshuensis,73,0.5137,0.6027,2.3288,0.6182,0.625,0.8594,0.4836,0.3313,0.5051,0.5739,0.2154,0.2525,1.6558,2.3991,1.0544,Triassic,Thalattosauria,Mid_Triassic,Ladinian-EndCretaceous,-1.302369455,-1.417142552,-0.322215812,-0.050226369,0.097658006,Thalattosauria,Askeptosauroidea
Askeptosaurus italicus,28,0.6857,0.9464,4.0536,0.4422,0.5476,0.8172,0.1992,0.2317,0.5071,0.6786,0.2032,0.3096,2.7598,2.3563,0.3677,Triassic,Thalattosauria,Mid_Triassic,Ladinian-EndCretaceous,-0.433233264,-2.696838849,-1.826724703,-0.09190448,1.317577396,Thalattosauria,Askeptosauroidea
Clarazia schinzi,18.578,0.347,0.2223,2.9189,0.593,0.4543,0.6818,0.3383,0.39,0.4581,0.5437,0.2468,0.258,4.1386,3.0886,0.6826,Triassic,Thalattosauria,Mid_Triassic,Ladinian-EndCretaceous,-0.466090003,-1.620737113,-0.841566795,0.886287963,0.26435755,Thalattosauria,Thalattosauroidea
Endennasaurus acutirostris,17.199,0.4477,0.6838,4.1205,0.569,0.5439,0.8772,0.364,0.1804,0.6837,0.857,0.252,0.3385,3.0817,3.2771,0.5895,Triassic,Thalattosauria,Late_Triassic,Ladinian-EndCretaceous,0.135683076,-2.7445744,-0.703396743,0.359612176,1.239936652,Thalattosauria,Askeptosauroidea
Miodentosaurus brevis,91.177,0.0319,0.4645,3.1675,0.5641,0.1445,0.9242,0.4769,0.3673,0.5525,0.5412,0.218,0.2763,1.9581,2.2919,0.7286,Triassic,Thalattosauria,Late_Triassic,Ladinian-EndCretaceous,-0.619349927,-1.408473839,-0.368896502,0.107724969,-1.632744422,Thalattosauria,Askeptosauroidea
Helveticosurus zollingeri,121,0.1818,0.2479,0.7025,0.6905,0.7514,1.1081,0.411,0.2432,0.581,0.5248,0.2934,0.2769,2.9688,2.5439,0.9622,Triassic,Saurosphargidae,Mid_Triassic,Induan-Anisian,-0.732100923,-0.625890876,1.457195782,0.121415022,-1.127240782,Saurosphargidae,Saurosphargidae
Largocephalosaurus qianensis,70.375,0.3176,0.1636,1.6559,0.6707,0.6029,1.2059,0.2134,0.2059,0.6677,0.5063,0.254,0.1839,2.4039,2.1099,1.673,Triassic,Saurosphargidae,Mid_Triassic,Induan-Anisian,-1.293942966,-1.37976271,0.60339019,-0.85354831,-0.560517059,Saurosphargidae,Saurosphargidae
Dinocephalosaurus orientalis,69.985,0.2632,2.3667,2.3341,0.6582,0.5482,1.0448,0.2315,0.2668,0.5449,0.5147,0.2477,0.2582,3.9821,3.7516,0.867,Triassic,Tanystropheidae,Mid_Triassic,Induan-Anisian,0.482728017,-1.35599357,0.181008295,1.036631357,-1.316270504,Tanystropheidae,Tanystropheidae
Tanystropheus longobardicus,53,0.3792,3.9811,2.6415,0.6414,0.717,0.684,0.2486,0.1163,0.6598,1.1021,0.1901,0.4212,3.488,4.2064,0.2455,Triassic,Tanystropheidae,Late_Triassic,Ladinian-EndCretaceous,2.322452753,-2.937012377,0.105107418,1.33704498,-1.146388378,Tanystropheidae,Tanystropheidae
Tanytrachelos ahynis,5.453,0.285,0.9607,2.0576,0.4484,0.5683,0.8058,0.1451,0.1056,0.8083,1.2887,0.2372,0.5216,2.3174,3.2971,0.2942,Triassic,Tanystropheidae,Late_Triassic,Ladinian-EndCretaceous,1.859075206,-3.194112612,0.18890735,-0.774380218,-0.284190658,Tanystropheidae,Tanystropheidae
Kallimodon cerinensis ,9.05,0.4175,0.2659,2.0994,0.777,0.7993,0.7143,0.3098,0.1996,0.6576,0.9741,0.2642,0.4627,2.8584,3.6523,0.4167,Jurassic,Rhynchocephalia,Late_Jurassic,Ladinian-EndCretaceous,0.301547498,-2.801373794,0.693261358,0.592507034,0.972639771,Rhynchocephalia,Sapheosauridae
Kallimodon pulchellus,6.6775,0.3894,0.271,2.3967,0.7252,0.7898,0.6905,0.3131,0.1881,0.6565,1.041,0.2666,0.5003,3.0527,3.6337,0.3382,Jurassic,Rhynchocephalia,Late_Jurassic,Ladinian-EndCretaceous,0.594403536,-2.958167136,0.581034486,0.63905589,1.069767286,Rhynchocephalia,Sapheosauridae
Palaeopleurosaurus posidoniae,26.3,0.269,0.1255,2.3726,0.6731,0.6,0.7429,0.4017,0.1689,0.2814,0.3688,0.1217,0.1728,2.6947,4.3918,0.8083,Jurassic,Rhynchocephalia,Early_Jurassic,Ladinian-EndCretaceous,-1.655580285,-1.985281599,-0.753426157,1.421784335,-0.642175991,Rhynchocephalia,Pleurosuridae
Pleurosaurus ginsburgi,42.2125,0.1895,0.0713,2.369,0.7027,0.5127,0.2308,0.414,0.231,0.1048,0.3253,0.0395,0.1514,2.6659,6.384,0.1631,Jurassic,Rhynchocephalia,Late_Jurassic,Ladinian-EndCretaceous,-1.414996722,-2.246707155,-1.816161868,3.115912506,-1.279807035,Rhynchocephalia,Pleurosuridae
Pleurosaurus goldfussi,31,0.3065,0.0787,2.361,0.7333,0.5789,0.5526,0.3183,0.2014,0.2016,0.3099,0.0866,0.1323,2.7062,3.4803,0.5518,Jurassic,Rhynchocephalia,Late_Jurassic,Ladinian-EndCretaceous,-2.148164697,-2.332647365,-1.091754346,1.458073639,-0.779776357,Rhynchocephalia,Pleurosuridae
Sapheosaurus thiollierei,13.9,0.3633,0.2553,2.8201,0.6739,0.8132,0.7439,0.3449,0.2076,0.5975,0.9392,0.243,0.4351,3.3561,3.1332,0.2913,Jurassic,Rhynchocephalia,Late_Jurassic,Ladinian-EndCretaceous,0.09646377,-2.837092214,0.426801385,0.761157375,1.0571627,Rhynchocephalia,Sapheosauridae
Vadasaurus herzogi,6.3,0.4635,0.206,2.8571,0.6431,0.7568,0.7068,0.3466,0.1941,0.7148,1.1383,0.3198,0.5445,4.5855,4.1005,0.3084,Jurassic,Rhynchocephalia,Late_Jurassic,Ladinian-EndCretaceous,1.479181524,-2.592485581,0.180922334,0.926003415,1.978028803,Rhynchocephalia,Pleurosuridae